instructor,avg_gpa
WILLOUGHBY-HERARD.,3.35625
"MALONE, M.",3.915
"EGAN, J.",2.761195652173913
"VOGEL, E.",3.39
"DOUGLAS, T.",3.5414035087719298
"REA, S.",3.63
"COFFMAN, C.",3.5499999999999994
"LI, J.",3.31
"CHAVEZ, L.",2.9961111111111114
"GOMEZ, R.",3.432
"INGROFF, D.",3.815
"ULRICH, M.",4.0
"GARREN, S.",3.62
"VEGA, J.",3.8378125
"PHILLIPS, C.",3.75
"KRYCZKA, A.",3.47
"VILLEGAS, M.",3.435
"SHROFF, B.",3.7582499999999994
"SYMANSKI, R.",2.786363636363636
"DADA, J.",3.6533333333333338
"LIN, S.",3.6744444444444446
"CAMERINI, D.",3.341428571428571
"NICHOLAS, A.",3.513157894736842
"LIMON-RUIZ, A.",3.5949999999999998
"AZAB, M.",2.54
"WILLIAMS, A.",3.5178571428571423
"BURLEY, N.",3.1924137931034484
"LOUDON, C.",3.648039215686274
"PATE, K.",2.52
"OCHOA, R.",2.9099999999999997
"MORGADO FLORES, P.",2.5733333333333333
"TAAGEPERA, S.",3.0025000000000004
"CHO, K.",2.971111111111111
"ROSE, M.",3.832027027027028
"MCHENRY, M.",3.04
"LIOUDYNO, M.",2.891111111111111
"MATTSON, M.",3.205
"AGUILAR-ROCA, N.",3.426992481203007
"SLAY, C.",3.575
"HEINRICH, E.",3.175
"DVORKIN, N.",3.1374999999999997
"OVERSTREET, C.",2.8314705882352946
"JHA, N.",3.545967741935484
"WIIG, J.",3.26
"PIRINO, G.",2.95
"SANTOS, R.",3.313333333333334
"BRADLEY, T.",3.0799999999999996
"CAHILL, L.",3.1224000000000007
"BREWER, A.",3.546666666666667
"SHAFFER, J.",2.7296153846153848
"BOWLER, P.",3.433372093023256
"WYNNE, D.",3.52
"MIRBOLOOKI, M.",2.93
"MAUNG, K.",2.6533333333333338
"SAVAS, T.",3.4225
"SHAKA, A.",3.6578571428571434
"ARASASINGHAM, R.",2.6475
"POTMA, E.",2.8514999999999997
"BRINDLEY, A.",3.0799999999999987
"EDWARDS, K.",3.1077878513145967
"ALSHAWA, A.",3.465
"FREITES, J.",2.9730769230769236
"LINK, R.",3.1165879017013234
"TAY, G.",2.8383333333333334
"KOTYK, C.",2.5
"KING, S.",3.179213483146068
"WAGNER, A.",2.48
"VAN VRANKEN, D.",2.873
"ROSAS, A.",3.321111111111111
"DESIPIO, L.",2.8864583333333336
"TORRES, R.",3.792549019607843
"DUNCAN, R.",3.1801526717557254
"VIGIL, J.",3.1073333333333326
"MASSOUD, E.",3.3433333333333333
"SUN, L.",2.7185999999999995
"ZAREIAN, F.",2.4883098591549304
"KARANIKA, A.",3.5089999999999995
"GIANNOPOULOU, Z.",3.357
"BATTON, K.",3.375
"CONES, C.",3.6479999999999997
"HECKHAUSEN, J.",2.6505882352941175
"HAGEDORN, J.",3.2281111111111107
"DEAN, T.",2.71
"BERG, B.",3.1340909090909084
"TAN, A.",2.255
"KISLYUK, D.",2.66
"MANN, D.",2.815
"SHANE, J.",2.795
"ZINGER, J.",3.217169811320754
"LOFGREN, C.",3.0154887218045108
"NEGEN, J.",3.55
"BATCHELDER, W.",2.773076923076923
"HOLMAN, B.",3.27
"THORSEN, K.",2.935
"BOOKER, K.",3.16
"HERRERA ORTIZ, C.",3.065
"GROSSMAN, E.",3.518333333333333
"PONTELL, H.",3.1062162162162164
"BEAUCHAMP, T.",3.27
"ALFARO, S.",3.260374999999999
"BIC, L.",3.210666666666667
"HARRIS, I.",3.4015463917525777
"SCHERSON, I.",3.148181818181818
"BOZORGZADEH, E.",3.2050000000000005
"HIRSCHBERG, D.",2.5275
"DANG, Q.",3.3796875
"BAGHERZADEH, N.",2.538666666666667
"CHEN, W.",2.8895000000000004
"DALTON, T.",3.4797222222222226
"SCOTT, D.",2.82
"PETERSEN, N.",3.39
"BURTON, B.",3.11
"NULL, C.",3.34
"SCHUMANN, T.",2.88
"FLESOCK, M.",2.7750000000000004
"BRENNANKANE, L.",3.56
"ANTONY, R.",3.01
"PATIHIS, L.",3.51
"LIVINGSTON, L.",3.967241379310345
"COREY, M.",3.1999999999999997
"TERRICCIANO, A.",3.6706
"KHALILI, S.",3.876666666666667
"TIWARI, A.",3.421875
"WILLIAMS, J.",3.966666666666667
"HILL, D.",3.955864661654135
"BATISTA, B.",3.44
"SOLANDER, K.",2.66
"COPPOLA, A.",2.65
"HAFFKE, C.",2.88
"LUPASCU, M.",2.16
"LIU, S.",3.55
"CONTE, J.",3.2325
"SARRAF, G.",2.935454545454545
"RAHMAN, M.",3.26
"JARVIS, J.",2.825
"SHIREY, P.",2.9784090909090906
"SACKS, M.",3.0866666666666664
"BRANCH, W.",3.11566037735849
"RODRIGUEZ LOPEZ, J.",3.3595744680851065
"MARI, R.",2.8709090909090915
"TOUKAN, A.",2.4908333333333332
"AGGARWAL, N.",3.1266666666666665
"STROIK, P.",2.81
"SAFARZADEH, M.",2.9185714285714286
"SOHRABIAN, A.",2.8976470588235292
"KRONEWETTER, J.",2.73679012345679
"GILMORE, S.",3.326136363636364
"BRESNOCK, A.",2.57
"JENKINS, B.",3.3247727272727277
"VU, V.",3.155849056603774
"LONG, J.",3.6966666666666668
"LIN, J.",3.4736363636363636
"SENGUPTA-IRVING, T.",3.5980000000000003
"DOEMER, R.",3.147777777777778
"LEE, C.",3.0834782608695654
"BOYRAZ, O.",3.1820634920634925
"GUST, M.",2.56
"DUNN-RANKIN, D.",3.7821052631578946
"FORESTA, J.",3.6033333333333326
"BACH, S.",2.9197849462365593
"STUPAR, J.",3.4647826086956526
"LATIOLAIS, P.",3.567714285714286
"STEWART, R.",2.831
"ROBERTS, H.",3.1140000000000003
"PETERSON, E.",3.37
"LUPTON, J.",3.57875
"MORALES, J.",3.0575
"GONZALES, R.",2.775
"IMAOKA, L.",3.04
"CARTIER, M.",3.6917391304347826
"DAUCHAN, D.",3.5539024390243905
"PERLMAN, A.",3.1400000000000006
"GALVIN, K.",3.35
"MOURAD, G.",3.5480952380952377
"CARDONA, C.",3.23
"KLEIN, L.",3.1964583333333336
"MIJALSKI, M.",3.500240963855422
"SMELYANSKY, E.",3.46
"WIGHT, D.",3.1799999999999997
"SHULL, K.",3.263333333333333
"WANKIER, A.",3.0634375
"DICKMEYER, L.",3.216666666666667
"JACOBY, A.",2.94625
"FEINTZEIG, B.",3.3600000000000003
"SYNICKY, N.",3.135
"LEVINE, G.",3.507733333333333
"PATTERSON, D.",3.3666666666666667
"ZIV, H.",3.525106382978722
"KAY, D.",3.4832608695652176
"REGAN, A.",3.4504347826086956
"IRANI, S.",3.171052631578948
"DILLENCOURT, M.",2.976818181818182
"RATURI, A.",2.66
"BANNISTER, M.",2.72
"NICOLAU, A.",3.387692307692307
"PETROVIC, B.",3.2740789473684213
"NYENHUIS, R.",3.3866666666666667
"VALDEZ, A.",3.703098591549296
"CHAVIRA, R.",2.9878846153846155
"FLORES, R.",3.069310344827586
"SITHIAMNUAI, E.",3.1829411764705884
"HYUN, H.",3.480769230769231
"LEE, J.",3.483513513513514
"MIS, B.",3.161363636363636
"DUNCAN, E.",2.91
"HEIS, J.",3.0907317073170733
"EPPEL, T.",3.069523809523809
"JAMRO, K.",3.83
"OSKOOROUCHI, M.",3.115
"FAUREL, L.",3.12
"GAGNON, C.",2.78
"NAVARRO, P.",3.41125
"POURMOHAMMADI, H.",3.157142857142856
"MCLAUGHLIN, G.",3.4336363636363636
"SOMMER, S.",3.2372727272727273
"CHOI, J.",3.62
"LOUIE, L.",3.7
"HO, Y.",3.31
"HERNANDEZ, W.",3.3581481481481483
"FLAIZ-WINDHAM, J.",3.2583333333333333
"JIAO, T.",3.1869565217391305
"CHAO, M.",3.1816666666666666
"CHAN, H.",2.83
"MINOT, R.",3.69
"LEHMAN, R.",2.3968831168831164
"PHAM, K.",2.1233333333333335
"HUBER, K.",2.287619047619048
"HE, F.",1.91
"BOLING, J.",2.085
"FERENC, A.",2.17
"DELLACA, R.",2.458064516129032
"TAKAHASHI, Y.",1.83
"NORTHRUP, C.",1.95
"HOLBEN, R.",2.1255555555555556
"SMITH, L.",2.7324657534246577
"NORTHRUP, S.",2.265909090909091
"KARAMI, A.",2.248333333333333
"KETI, M.",2.16
"WANG, L.",2.97
"JIA, Z.",2.473333333333333
"BARANOVSKY, V.",2.8270000000000004
"LI, S.",3.0172222222222222
"ANZALDO, L.",2.6
VANDENBERG-RODES.,2.42
"DONALDSON, N.",2.5164383561643833
"CHEN, L.",2.784375
"CRANSTON, M.",2.810526315789474
"LU, Z.",2.6693939393939394
"CARRERAS, SOSPEDRA.",3.0866666666666673
"NOROOZI, Z.",2.898333333333333
"JABBARI, F.",2.7217647058823533
"RAZEGHI, G.",2.32
"POPOV, P.",2.986666666666667
"HERNANDEZ, GAITAN.",2.2466666666666666
"JARRAHBASHI, D.",3.06
"YOUSEFIANI, A.",3.1971428571428575
"FARDADI, M.",2.813076923076923
"DESSEN, M.",3.593333333333333
"SAAVEDRA, L.",2.98
"BRODBECK, D.",2.698695652173913
"TORRES, M.",3.2
"JAFARI, M.",3.8015999999999996
"SCHRINER, S.",3.6789247311827955
"KWON, Y.",3.328214285714285
"SIAKEL, D.",3.0966666666666662
"BERNECKER, S.",3.173103448275862
"BENCIVENGA, E.",3.0172000000000008
"PRIEST, M.",3.19
"MCKEON, K.",2.98
"RIN, B.",3.35
"YNIGUEZ, B.",2.72
"DENNIN, M.",3.5623076923076926
"GUERRA, A.",2.8097499999999997
"MCWILLIAMS, R.",2.9475000000000002
"HOPSTER, H.",3.011851851851852
"GOKHALE, M.",3.2666666666666666
"HOLOD, I.",2.7078571428571427
"COLLINS, P.",3.3218749999999995
"SMECKER-HANE, T.",2.8059090909090907
"FERNANDEZ DE, CASTR.",3.12
"SMITH, C.",3.5972727272727276
"VICK, J.",3.04
"SELLGREN, S.",3.3233333333333337
"GARCIA, J.",3.6025
"POWELL, S.",3.11
"AMJAD, M.",2.59
"GELLERS, J.",3.105
"CHAIPRASERT, K.",3.63
"NOVACO, R.",2.5136363636363637
"GERMO, G.",2.7565000000000004
"WOJCIK, S.",2.87
"PEDRAM, C.",3.1766666666666663
"KAHANA, M.",3.625
"BLUM, S.",3.014102564102564
"ALLGOOD, J.",3.5599999999999996
"BIC, Z.",3.4672941176470586
"SAMI, M.",3.8215151515151513
"RUNNERSTROM, M.",3.7731818181818184
"ROAYAEI, A.",3.5700000000000003
"MILLER, F.",3.2039999999999997
"SCHMIDT, T.",3.901730769230769
"SCHUSTER, T.",3.04
"BROWN, B.",3.975
"LUBENS, P.",3.29
"LEONARD, S.",3.46
"WHITELEY, J.",3.6649056603773587
"BASOLO, M.",3.5582608695652165
"LYNCH, M.",3.7531481481481483
"NATEKAL, A.",3.303333333333333
"KIM, Y.",3.2339999999999995
"VILLARREAL, B.",3.152
"TSAI, O.",3.28
"CHRISTOPHERSON, J.",3.4579411764705874
"NOVIELLO, N.",2.473333333333333
"MAURER, W.",3.2283333333333335
"GONZALES, A.",3.8449999999999998
"PEREZ, R.",3.3
"EVANS, E.",3.21
"CEDILLO, R.",3.39
"MIRIC, N.",3.159333333333333
"ROBNETT-OLSEN, B.",3.4655172413793105
"TURNEY, K.",3.249310344827587
"DINGEMAN, M.",3.87
"STEPAN-NORRIS, J.",2.9466666666666668
"HUFFMAN, M.",2.8834375000000003
"CASTILLO, E.",2.86
"PEARCE, M.",3.3600000000000003
"SMITH, D.",3.095
"JACKSON, E.",3.2
"VARGAS LARA, C.",3.42
"DELALTO, M.",2.41
"GARCIA CRUZ, K.",3.61
"REYES, I.",3.24
"BROPHY, A.",3.25
"GASKILL, L.",3.28
"FERNANDEZ, D.",3.36
"SCHWEGLER, A.",3.162571428571429
"BALDI, B.",2.6392957746478873
"DYCK, H.",2.6899999999999995
"KRAMER, J.",2.76
"MALAKLOU, M.",3.5300000000000002
"ICREVERZI, K.",2.88
"BRAUER, E.",2.987910447761194
"MOSKVINA, O.",3.2592307692307694
"LEVIN, K.",2.885357142857143
"LEAVENS, A.",2.8744444444444444
"RIDGE, R.",3.01
"KEEPERMAN, T.",3.0996296296296295
"SIMS, R.",2.747090909090909
"ALEXANDER, J.",3.313888888888889
"KIM, K.",3.3018518518518514
"WILDERSON, F.",3.8844444444444446
"SEXTON, J.",3.725625
"DAULATZAI, S.",3.1247999999999996
"HUIE, K.",3.927777777777778
"BERNAL, V.",3.3622222222222224
"VARZI, R.",3.4552941176470586
"THORNE, T.",2.7528571428571427
"PETERSON, K.",3.152
"O'ROURKE, S.",3.6120967741935486
"DROVER, C.",2.8943333333333334
"GARB, P.",3.685909090909091
"MANIAR, R.",3.661935483870968
"MAJOLI, M.",3.7139999999999995
"PERTA, L.",3.66
"PASTOR, J.",3.7296153846153848
"LAFARGE, A.",3.6312
"ROBERTS, W.",3.8912068965517235
"COOLIDGE, M.",3.6723076923076925
"JACKSON, J.",3.8929213483146072
"LEUNG, S.",3.621666666666666
"PARSONS, D.",3.8602272727272733
"MIN, Y.",3.635
"YONEMOTO, B.",3.6581818181818178
"CARSON, J.",3.632727272727273
"MILES, M.",3.140625
"PATEL, A.",3.201764705882353
"POWELL, A.",3.666363636363636
"WHITING, C.",3.2341666666666664
"BELSKI, B.",3.98
"FUJITA-RONY, D.",3.1893333333333325
"O'BRIEN, G.",3.38
"LIU, J.",2.74
"GANDHI, S.",3.176666666666667
"TIMBERLAKE, D.",2.8245454545454542
"BUSCIGLIO, J.",3.0105555555555554
"EDINGER, A.",3.827142857142857
"BARDWELL, L.",2.9704166666666665
"LONG, A.",2.7785714285714285
"AGALLIU, D.",2.39
"HAWKINS, B.",2.4325
"BRACKEN, M.",3.3091666666666675
"SAKAI, A.",3.4922222222222223
"MAUZY-MELITZ, D.",2.9753846153846157
"FORTIN, N.",3.145
"MASSIMELLI, M.",2.852641509433962
"KADANDALE, P.",3.2809000000000004
"HERMAN, L.",3.187741935483871
"SATO, B.",3.1855172413793094
"WALSH, C.",3.1766666666666663
"WODARZ, D.",3.1442857142857146
"GERSHON, P.",3.0991666666666666
"WAKIDA, N.",3.2950000000000004
"MARSH, J.",3.2099999999999995
"GROSS, S.",3.457777777777778
"GARDINER, D.",3.1020000000000003
"MORRISSETTE, N.",3.1861904761904762
"CRAMER, K.",3.214666666666667
"WELLER, S.",3.2400000000000007
"COHEN-CORY, S.",3.8123076923076926
"MOONEY, K.",3.752857142857143
"MOTA-BRAVO, L.",4.0
"HUXMAN, T.",3.899
"ABBOTT, G.",4.0
"CIVELLI, O.",3.965454545454546
"GONZALEZ, F.",3.9766666666666666
"LONGHURST, J.",4.0
"PLIKUS, M.",3.849310344827586
"WOOD, M.",3.585384615384615
"BUNNEY, W.",4.0
"FOX, J.",4.0
"GEHRICKE, J.",4.0
HOONPONGSIMANONT.,3.9928571428571433
"HAUN, J.",3.29
"BOTVINICK, E.",3.447
"LOPOUR, B.",2.9183333333333334
"TANG, W.",3.7757575757575754
"BRODY, J.",3.51375
"GROSBERG, A.",3.4487499999999995
"CHOI, B.",3.5857142857142863
"DA SILVA, N.",2.6623529411764704
"WANG, S.",2.7016666666666667
"CHAN, S.",3.1916666666666664
"NGUYEN, H.",3.643333333333333
"VENUGOPALAN, V.",3.0149999999999997
"RYCHNOVSKY, S.",2.96375
"BOROVIK, A.",2.924166666666667
"MARTIN, R.",3.5244444444444447
"TOBIAS, D.",3.4271428571428566
"GUAN, Z.",2.730666666666666
"WEISS, G.",2.6261538461538456
"DONG, V.",3.0308333333333333
"JARVO, E.",2.872222222222222
"LAW, M.",3.0826923076923074
"MURRAY, C.",2.588333333333333
"SHEA, K.",2.785
"MILLER, G.",3.364
"GONZALEZ, G.",3.0833333333333335
"MORALES, A.",3.5388000000000006
"CASTELLANOS, J.",3.357058823529412
"HSIEH, R.",3.498367346938775
"PETERSEN, Y.",3.538148148148148
"FULLER, M.",3.392352941176471
"HU, Y.",3.2664000000000004
"VRUGT, J.",2.5042857142857144
"OLSON, B.",2.9299999999999997
"RITCHIE, S.",3.058
"ABO-SHADI, N.",3.475
"ALTOONTASH, A.",2.12
"JIANG, C.",3.0954545454545452
"SANDERS, B.",2.7011111111111115
"DETWILER, R.",2.788125
"SOROOSHIAN, S.",3.153333333333333
"PALMER, M.",3.5237499999999997
"PANTELIA, M.",3.38
"JARRATT, S.",3.456666666666667
"HOFFMAN, D.",2.816470588235294
"WRIGHT, C.",3.0392
"CHARLES, S.",3.325
"IVERSON, G.",2.77
"PEARL, L.",3.5516666666666663
"SABERI, K.",3.6335714285714285
"LEWIS, J.",3.5733636363636365
"RICHARDS, V.",3.1420000000000003
"TRUEBLOOD, J.",2.645
"LEE, M.",3.270416666666667
"MANN, V.",3.903225806451613
"SCHUCK, S.",3.804
"SARNECKA, B.",3.7244000000000006
"AMIRAN, E.",3.4393333333333334
"RAHIMIEH, N.",3.4443817787418656
"THIONG'O, N.",2.8866666666666667
"TERADA, R.",3.6658823529411766
"SCHLICHTER, A.",3.5787500000000003
"FROST, D.",3.424285714285714
"HAYES, W.",3.258181818181818
"SHEU, C.",3.099310344827586
"WANG, R.",2.928809523809524
"KLEFSTAD, R.",3.1320987654320986
"KALASHNIKOV, D.",3.1
"DUTT, N.",3.2960000000000003
"EPPSTEIN, D.",2.993125
"LATHROP, R.",3.635294117647059
"MOHAMMADI, YAGHINI.",3.1464000000000003
"THORNTON, A.",2.774
"LEE, H.",3.3598089171974523
"HEALEY, G.",2.6933333333333334
"CHOU, P.",3.8415
"REITER, K.",3.480666666666666
"SYKES, B.",3.198571428571428
"SCHUELE, D.",3.0233333333333334
"CURRIE, E.",3.6584375
"SUGIE, N.",3.225
"MAXSON, C.",2.638333333333333
"HUFF, C.",2.6799999999999997
"DOMBRINK, J.",3.7464864864864866
"TITA, G.",3.535555555555556
"SCURICH, N.",2.7114285714285717
"COLE, S.",3.026470588235294
"SHARP, K.",3.736785714285714
"ANDO, A.",3.13
"WRAY, S.",3.8190909090909093
"BOYLE, S.",3.5992307692307692
"FISHER, J.",3.7094444444444443
"DIEFENDERFER, D.",3.648333333333334
"MARSHALL, S.",3.78
"ALVAREZ, K.",3.835
"KING, M.",3.84
"WONG, D.",3.9560000000000004
"BUCHMEIER, M.",3.4855555555555555
"EARTHMAN, J.",3.200434782608695
"DURBIN, H.",3.7725
"AGRAWAL, A.",4.0
"OLIVIERI, V.",3.5436842105263158
"MILANI, F.",3.433478260869566
"WARSCHAUER, M.",3.7199999999999998
"EICHHORN, S.",3.31
"JENNESS, V.",3.2835294117647056
"KUBIAK, A.",3.7922000000000002
"DRUFFEL, E.",3.3957142857142864
"BERKELHAMER, R.",3.695
"VEENSTRA, J.",3.789428571428571
"BASSHAM, C.",3.4448965517241383
"LOUI, A.",3.456538461538462
"THOMPSON, P.",3.5826923076923074
"LEI, D.",3.550776699029127
"YAJI, S.",3.14
"FAULKNER, C.",3.17
"LAWRENCE, K.",3.7199999999999998
"CASTELLANO, D.",3.3159374999999995
"ALCARAZ, L.",3.9048484848484852
"KATRAK, K.",3.6959999999999993
"FOWLER, K.",3.701428571428571
"DELANEY, M.",3.8736263736263736
"BUSBY, D.",3.862727272727273
"PALERMO, A.",3.8038461538461528
"FERGUSON, J.",3.1481632653061222
"GREEN, C.",3.206666666666667
"PRIMEAU, F.",2.875
"KIM, S.",3.350625
"GOULDEN, M.",3.3913333333333333
"RIGNOT, E.",3.4528571428571424
"ZENDER, C.",3.086
"PRATHER, M.",3.3214285714285716
"FELLOWS, A.",3.3
"PRITCHARD, M.",2.8141666666666665
"RANDERSON, J.",3.3733333333333335
"MOORE, J.",3.1075
"MARTINY, A.",3.3042857142857147
"PRATT, J.",3.6412
"SUH, S.",3.3230769230769233
"HUANG, M.",3.1948148148148157
"SWAIN, J.",3.348333333333334
"SCRUGGS, B.",3.2765384615384616
"JOHNSON, K.",3.05125
"GLAZER, A.",3.367142857142858
"JENNINGS, L.",3.281428571428571
"ROCHETEAU, G.",2.9333333333333336
"CHEN, J.",3.4009090909090913
"POIRIER, D.",3.025
"JELIAZKOV, I.",3.2506250000000003
"BRUECKNER, J.",2.972857142857143
"SHAH, N.",3.0823333333333336
"GARFINKEL, M.",2.911578947368421
"HANSEN, L.",3.8433333333333333
"SANTAGATA, R.",3.5233333333333325
"BROUILLETTE, L.",3.842857142857143
"GREEBAN, E.",3.782040816326531
"REICH, S.",3.1131249999999997
"HANSEN, J.",3.244137931034483
"STOUT, D.",2.6
"HENRY, V.",3.435
"PHUNTSOG, N.",3.5875000000000004
"GUILFOYLE, S.",3.665
"CHANDRASEKHAR, V.",3.871052631578947
"BURGE, K.",3.969
"STONE, J.",3.55875
"HOUSTON, K.",3.6180952380952385
"SANDHOLTZ, J.",3.356666666666667
"LAWRENCE, J.",3.035
"LAO, J.",3.286923076923077
"JAEGGI, S.",3.692424242424243
"CONLEY, A.",3.8841666666666668
"CONCHAS, G.",3.768
"KAVIANPOUR, A.",3.0896551724137926
"BARR, J.",3.34
"CHAUDHRY, M.",3.2554901960784313
"BACHMAN, M.",3.61
"TAMMA, V.",3.41
"GORODETSKY, A.",2.9124999999999996
"WU, L.",3.8506060606060606
"VALDEVIT, L.",2.75
"ALLEN, E.",3.146666666666667
"GODDEN, R.",3.4110526315789467
"DAVIS, S.",3.3644444444444446
"SILVER, V.",3.163157894736842
"TUCKER, I.",3.2621052631578946
"RADHAKRISHNAN, R.",3.617777777777778
"HENDERSON, A.",3.5008
"O'CONNOR, L.",3.364074074074074
"CHRISTENSEN, J.",3.21125
"KEIZER, A.",3.481428571428571
"SMITH, J.",3.605128205128205
"LIM, F.",3.2927586206896544
"RONY, F.",3.7360000000000007
"KRAPP, P.",3.121363636363637
"HATCH, K.",3.2361538461538464
"CANE, E.",3.8368085106382988
"HILDERBRAND, L.",3.067619047619048
"CHO, J.",3.7411538461538467
"LIU, C.",3.1270370370370375
"ABBAS, M.",3.3918749999999998
"EVERS, K.",3.6622222222222223
"SODERMAN, A.",3.3945454545454536
"MOINZADEH, I.",3.382631578947369
"HEBERLE, O.",3.4776470588235293
"MORISI, E.",2.9025
"MARCULESCU, A.",3.6150000000000007
"FARBMAN, H.",3.4770588235294118
"TERRY, J.",3.404166666666667
"KAUFEL, F.",3.6483333333333334
"BROADBENT, P.",3.4818181818181824
"CLAXTON, C.",3.3354166666666667
"MOELLER, R.",3.4514285714285715
"DARYAEE, T.",3.4207142857142854
"CASAVANTES, BRADFOR.",3.226428571428571
"MCKENNA, J.",3.389777777777778
"RAPHAEL, R.",3.3818181818181823
"IGLER, D.",3.5684615384615386
"WASSERSTROM, J.",3.5460000000000007
"GUO, Q.",2.9252631578947366
"LE VINE, M.",3.812608695652173
"CHRISTIAN, J.",3.058
"SEED, P.",3.9304166666666664
"KONGSHAUG, E.",3.486521739130435
"LEHMANN, M.",3.228
"WIENER, J.",2.95
"JAMES, W.",3.5460869565217394
"TINSMAN, H.",3.525
"RAGSDALE, K.",3.37
"BURKE, C.",3.2215803814713895
"CHATURVEDI, V.",3.2728571428571427
"NAVARRO, E.",3.6097560975609757
"JONES, J.",3.659090909090909
"VAN DER HOEK, A.",3.3225
"DOURISH, J.",3.6233333333333335
"CHEN, Y.",3.3920833333333333
"GREGORY, J.",3.474
"PATTIS, R.",3.0949999999999998
"RAMANAN, D.",3.29
"HARDT, H.",3.137391304347826
"KAMINSKI, M.",3.3497142857142856
"ROBERTS, T.",2.721666666666667
"SCHLOSSER, S.",3.3138709677419356
"LYNCH, C.",3.5399999999999996
"HAMBER, F.",3.193888888888889
"CHIAMPI, J.",3.3490909090909096
"NAGAI, A.",2.998857142857143
"RIGGS, H.",3.16089552238806
"KLEIN, S.",3.49125
"CHOE, H.",3.286545454545455
"GRIFFITH, T.",2.8779999999999997
"TRANEL, B.",2.985
"SIEGEL, B.",3.5497826086956525
"DEPAUL, A.",3.2267307692307687
"CORWIN, M.",3.39375
"HAYASAKI, E.",3.4454838709677413
"WILENTZ, A.",3.6245833333333333
"STANFORD, P.",3.19125
"MOORE, K.",3.8681818181818186
"SHEPPARD, V.",3.314
"SHIVENDU, S.",3.53
"HUANG, C.",3.373333333333333
"MORRIS, W.",3.749473684210526
"RICHEY, T.",3.75775
"LETOURNEAU, D.",3.63695652173913
"DANLEY, S.",3.05
"TURNER, J.",3.6060000000000003
"HITE, J.",3.5545945945945943
"FAMIGLIETTI, C.",2.1275000000000004
"ISIK, M.",2.974285714285714
"GIOVANGIGLI, L.",2.4099999999999997
"KOMAROVA, N.",2.837142857142857
"SUBRAMANIAN, S.",2.426
"BRODERICK, R.",2.424
"HEZARI, H.",2.81
"KACHKOVSKIY, I.",2.548888888888889
"WANG, Q.",2.8766666666666665
"ELGART, A.",3.08
"SILVERBERG, A.",2.4499999999999997
"TRAN, H.",2.3358333333333334
"LIU, K.",2.4212499999999997
"DUONG, S.",2.164
"PANTANO, A.",3.1453061224489796
"LOWENGRUB, J.",3.509090909090909
"KRUPCHYK, K.",3.053846153846154
"ALLARD, J.",2.7577777777777777
"WILSON, T.",2.5733333333333337
"XU, G.",2.5961538461538463
"WIYGUL, D.",2.5125
"STREETS, J.",2.490909090909091
"ZEMAN, M.",2.5
"KIM, C.",3.423333333333333
"DABDUB, D.",2.9658333333333338
"DIMAS, D.",3.1341666666666668
"RANGEL, R.",3.264615384615385
"PUGA, A.",2.966666666666667
"MCDONELL, V.",3.535
"BROUWER, J.",3.3810344827586207
"WANG, Y.",3.74078125
"LIEBECK, R.",3.3308823529411766
"KULINSKY, L.",3.394594594594595
"SIDERIS, A.",2.877
"MCCARTHY, J.",3.924905660377358
"REINKENSMEYER, D.",3.780714285714286
"MEASE, K.",3.4916666666666667
"TAHA, H.",3.667666666666667
"ALEXANDER, K.",3.69
"GRIFFITT, BEDELIAN.",3.487727272727273
"SCHAER, M.",3.5425
"KNIGHT, R.",3.0380000000000003
"DOBRIAN, J.",3.4381250000000003
"REARDON, C.",2.6139130434782603
"OMOUMI, H.",3.7686956521739132
"BUCK, R.",3.8666666666666667
"TUCKER, S.",3.9117857142857146
"MCKEOWN, K.",4.0
"PARKINS, M.",3.9949999999999997
"RODRIGUEZ, B.",3.9422727272727274
"MULNARD, R.",3.62
"MOVIUS, M.",3.8240000000000003
"EVANGELISTA, L.",3.6424999999999996
"MILBURY, B.",3.015
"MIRANDA-WOOD, C.",3.64
"SAUNDERS, K.",3.6890909090909094
"KIAN, S.",3.883529411764706
"MOBLEY, D.",3.5575
"ZHAO, W.",3.73
"GREENBERG, S.",2.8705000000000003
"PERIN, C.",3.4095000000000004
"HELMREICH, J.",3.3104347826086955
"WALSH, S.",2.913846153846154
"SCHWAB, M.",3.4299999999999997
"FIOCCO, M.",2.7670000000000003
"JOLLEY, S.",2.9699999999999998
"SHANAHAN, T.",3.588125
"HYDE, K.",3.67
"DALY, A.",3.4978260869565223
"BARTH, A.",2.9564285714285714
"SIWY, Z.",3.5293548387096774
"WU, R.",2.88
"SOBEL, H.",2.475
"KIRKBY, A.",3.021818181818182
"XIA, J.",3.1733333333333333
"SMY, M.",2.545
"RAJARAMAN, A.",2.914
"WHITESON, D.",3.167222222222222
"MURGIA, S.",3.4675000000000002
"TRIMBLE, V.",3.2487500000000002
"CHERNYSHEV, A.",2.92
"KIRKBY, D.",3.164054054054054
"COOPER, M.",3.5430188679245287
"COORAY, A.",3.46875
"FENG, J.",3.445333333333333
"KAPLINGHAT, M.",2.8775
"HANNINEN, A.",2.82
"HO, W.",2.9583870967741936
"YU, C.",2.7535
"RENDON, M.",2.9038888888888885
"CHEW, K.",3.0936363636363637
"KIM, J.",3.237878787878788
"MAZUMDAR, S.",3.14234375
"FELDMAN, M.",3.7975000000000003
"BOUSHEY, G.",3.41
"OLSON, K.",3.2045454545454546
"TESLER, M.",3.4963636363636357
"WATTENBERG, M.",3.128235294117647
"PETRACCA, M.",3.485357142857143
"PHOENIX, D.",3.54375
"BRUNSTETTER, D.",3.189333333333333
"SERESERES, C.",3.357413793103448
"MEYER, D.",3.178
"BERNSTEIN, J.",3.0866666666666664
"URIU, R.",3.5930555555555554
"YIM, I.",3.1815384615384614
"CHEN, C.",3.1072727272727274
"GOLDBERG, W.",3.5421428571428564
"JAMNER, L.",3.3425
"MCEWAN, S.",3.4912499999999995
"MADDI, S.",3.748333333333333
"HEINE, B.",2.9011764705882355
"PRAUSE, J.",2.8816666666666664
"QUAS, J.",3.3970588235294117
"FAN, H.",2.7725
"SHARIF, B.",3.263333333333333
"WU, J.",3.4500000000000006
"OGUNSEITAN, O.",3.5640000000000005
"GALASSETTI, P.",3.85
"STERN, S.",3.9050000000000002
"MARAFFI, E.",4.0
"MJOLSNESS, L.",3.5625
"SANDALSKA, Z.",3.446956521739131
"SERON, C.",3.3979999999999997
"HULL, J.",2.97025641025641
"ALAO, N.",3.435714285714286
"WEHRENFENNIG, D.",3.9423076923076916
"ROSALES, R.",3.4294736842105267
"BROWN, S.",3.3810526315789478
"BANDELJ, N.",3.335714285714286
"TORRES, J.",3.3552365930599364
"MORA QUILON, M.",3.2180769230769224
"NAVAJAS, G.",3.8122222222222226
"LEGRAS, H.",3.6865
"AMAR SANCHEZ, A.",3.313333333333333
"HANCOCK, S.",2.61
"WARD, E.",3.043333333333333
"UTTS, J.",3.0
"TRAN, T.",3.4216417910447756
"ROSZAK, S.",3.3300000000000005
"PFOST, D.",3.206666666666667
"CARNEGIE, H.",3.314
"MELEY, E.",3.0499999999999994
"DOUGHERTY, K.",3.1225000000000005
"LERNER, S.",3.21575
"CLERKIN, B.",3.3920000000000003
"HORIUCHI, L.",3.2450000000000006
"MODUGNO, J.",3.4575
"MILTON, J.",3.1733333333333333
"DELANY-ULLMAN, L.",2.7389361702127664
"DANNER, K.",2.75
"ANDREASEN, M.",2.980943396226416
"GRAY, R.",2.9799999999999995
"KEEPERMAN, J.",3.2454
"HAAS, L.",3.3110714285714287
"TREGLIA, J.",2.7
"KEELER, C.",3.04
"FITZSIMMONS, M.",2.9441666666666664
"EASON, K.",3.132941176470588
"DUBEY, J.",2.9524444444444446
"KAMINSKI, L.",2.98875
"ALLEN, B.",2.8183333333333334
"HESKETH, M.",2.623333333333333
"MCCLELLAND, K.",2.686666666666667
"PALMQUIST, T.",2.8200000000000003
"SEWARD, S.",2.9452459016393435
"MCKAY, L.",2.8247619047619055
"FISCHER, A.",3.0609615384615383
"WAY, J.",2.982909698996656
"BLISS, J.",2.9941666666666666
"MONTAGNE, L.",2.5714285714285716
"JOSEPH, N.",3.304
"TANNOUS, L.",3.281
"JAECKELS, J.",3.335
"STREITFELD, S.",3.43
"SUNG, T.",2.892608695652174
"KATIBOGLU, M.",3.33
"HATCH, L.",3.2883333333333336
"ODA, T.",3.1199999999999997
"CLARKE, M.",3.4361904761904762
"LILLMARS, B.",3.061395348837209
"PARK, B.",3.074166666666667
"ELLIS, T.",3.0629787234042554
"MCCOY, J.",3.2925
"LIU, E.",3.16
"LEWIN, K.",3.042777777777778
"MCCLURE, G.",3.142372881355932
"PETERS, A.",3.5363636363636357
"SCHULTZ, R.",3.4847999999999995
"CHIENG, C.",2.929642857142857
"NYENHUIS, J.",3.1925
"TANG, A.",3.1325000000000003
"EASON, L.",3.0075510204081635
"FISH, K.",3.177058823529412
"JARRELL, T.",3.013333333333333
"ZHUANG, J.",2.998571428571428
"COONEY, M.",2.7366666666666664
"TITTERUD, E.",2.96
"CUNNINGHAM, G.",3.1411111111111114
"FOUST, A.",3.5439999999999996
"CHASE, W.",3.1184615384615384
"KATO, J.",3.3699999999999997
"WYATT, S.",3.4050000000000002
"CLARK, H.",3.3344444444444448
"WIRTHLIN, D.",2.7783333333333338
"MONTAGUE, E.",2.802
"EATON, H.",3.3240000000000003
"KARLSSON, S.",3.2884375
"REINER, N.",3.2593750000000004
"BAGINSKI, A.",3.3333333333333335
"CANNON, A.",3.034
"CIBULA III, P.",3.282777777777778
"CROSBY, S.",3.40625
"GRANIER, B.",3.6
"CRONIN, C.",3.0366666666666666
"GERACI-ROSS, J.",3.6244444444444444
"HAWKINS, W.",3.54
"HUTCHINS, M.",3.3049999999999997
"FUNK, J.",3.3057142857142856
"MACKAY, K.",3.445
"KRALL, J.",3.23
"GOEBEL, J.",3.503333333333334
"GILMORE, J.",3.4233333333333333
"HILL, A.",3.233636363636364
"MEGHDADI, A.",3.2511999999999994
"LEEDERMAN, T.",3.1609999999999996
"DUPREE, A.",2.9694736842105263
"GORDON, C.",2.9645454545454544
"MIESKOSKI, E.",3.0062499999999996
"COLLINS, R.",3.2618085106382972
"TRIVEDI, P.",3.3637500000000005
"BARNEHAMA, E.",3.37
"SIMMONS, M.",3.1853846153846153
"FROUZESH, S.",3.258235294117647
"KANG, C.",3.268333333333333
"HOOKS, S.",3.175
"SMITH, S.",2.895
"AIJIAN, P.",2.7785714285714285
"GULLABA, A.",2.908039215686274
"QUEEN, B.",3.525
"MAHONEY, M.",3.6012500000000003
"CUMMINGS, T.",2.745
"HOLBROOK, T.",2.925
"KNIGHTEN, L.",3.0450000000000004
"MALCOLM, C.",3.2
"MURPHY, N.",3.6200000000000006
"AHN, N.",2.88
"BERGHOF, A.",3.479411764705883
"NIEMAN, J.",3.297857142857143
"KIKLOWICZ, D.",3.0882258064516135
"FOUSHEE, A.",3.74
"GERSTLER, A.",3.723333333333333
"DOMZALSKI, D.",2.993333333333333
"NUNAN, C.",2.9450000000000003
"SWEENEY, E.",3.2685714285714282
"FONKEN, B.",3.1951515151515153
"ZAYED, O.",3.0954545454545452
"CHANDLER, N.",3.641666666666666
"MUTERE, M.",3.489166666666667
"PARHAM, T.",2.9975
"MURPHY, K.",3.4517857142857147
"FAUST, K.",2.8033333333333332
"NAM, S.",3.399375
"MASTNAK, J.",3.45
"MONTOYA, M.",3.312
"ZHAN, M.",3.1438461538461544
"TREND, D.",3.895
"FINEBERG, J.",3.7649999999999992
"LONNER, M.",3.744705882352941
"APPEL, K.",3.72
"MYERS, G.",4.0
"PENNY, S.",3.170833333333333
"LOH, S.",3.8466666666666662
"JENKINS, U.",3.8215000000000003
"SHAFER, J.",3.5199999999999996
"MARTINEZ, D.",3.822222222222222
"MASSEY, L.",3.3608333333333333
"WUE, R.",3.2138095238095237
"BETANCOURT, R.",3.729
"NISBET, J.",3.226923076923077
BELSKI.,3.98
"VO, L.",3.375714285714286
"TENNER, A.",2.508
"GAUT, B.",3.1666666666666665
"SUETTERLIN, C.",3.241666666666667
"MACGREGOR, G.",2.8611111111111107
"RANZ NAVALPOTRO, J.",2.8181818181818183
"GERMAN, D.",3.436551724137931
"AZIZI, E.",3.6774999999999998
"KLEEMAN, E.",2.915
"OCHABA, J.",3.03
"DINH, M.",2.98
"GALVEZ, B.",2.9850000000000003
"ALLISON, S.",3.433333333333333
"HUGHES, C.",3.217
"MORTAZAVI, S.",3.485
"AYALA, F.",3.85
"BLUMBERG, B.",3.1674999999999995
"HICKOK, G.",3.126470588235294
"STRIEDTER, G.",3.433076923076923
"BLURTON-JONES, M.",3.272222222222222
"YASSA, M.",3.619444444444444
"HICKS, J.",3.5479310344827586
"JAMES, A.",3.436818181818182
"AKBARI, Y.",3.988571428571429
"FROSTIG, R.",3.978
"MUELLER, L.",3.728717948717949
"KONG, A.",4.0
"TROMBERG, B.",3.526666666666667
"CHEN, Z.",3.3785714285714286
"LEE, A.",3.3971428571428572
"SHI, F.",3.153333333333333
"NILSSON, M.",3.1819999999999995
"RUIZ, C.",3.554166666666667
"MOHAMED, F.",3.4949999999999997
"BLAKE, D.",2.444
"PRONIN, S.",2.8325
"FREEMAN, F.",3.0942857142857143
"JOHNSON, A.",3.3348936170212773
"EVANS, W.",3.1468749999999996
"YANG, J.",3.067857142857143
"PRESCHER, J.",3.2429787234042555
"MUKAMEL, S.",2.81
"GE, N.",2.6
"SPITALE, R.",3.2527777777777778
"FLORES, G.",3.3256
"CAMPOS, B.",3.7318181818181815
"WARD, G.",3.0608333333333326
"HSU, K.",2.7891666666666666
"KIA, S.",2.6823076923076927
"AGHAKOUCHAK, A.",3.5
"SAPHORES, J.",3.079285714285714
"JIN, W.",3.2946153846153843
"LEMNITZER, A.",3.255510204081633
"TSENG, L.",2.765
"ROSSO, D.",3.3866666666666663
"DAVIS, K.",3.2337499999999997
"MOSALLAM, A.",3.425555555555556
"PORTER, J.",3.4333333333333336
"D'ZMURA, T.",3.5667307692307686
"DITTO, P.",3.206666666666667
"VANDEKERCKHOVE, J.",3.6754545454545458
"KRICHMAR, J.",3.1987500000000004
"STEYVERS, M.",2.918666666666667
"ROOK, K.",2.926666666666667
"ZAMISKA, K.",2.861875
"CHUBB, C.",2.8653846153846154
"NARENS, L.",3.2478571428571428
"NEWMAN, J.",3.694666666666667
"MAJUMDER, A.",3.05
"CAREY, M.",3.1640909090909095
"ESMAELNEZHAD, J.",3.485
"EL ZARKI, M.",2.89
"TSUDIK, G.",2.8040000000000003
"JARECKI, S.",3.0399999999999996
"SMYTH, P.",3.4714285714285715
"IHLER, A.",3.535384615384615
"DE FLAVIIS, F.",3.253809523809524
"ELTAWIL, A.",3.0583333333333336
"SWINDLEHURST, A.",3.02
"KUBRIN, C.",2.6755555555555555
"THOMPSON, W.",2.59
"JESILOW, P.",2.6759999999999997
"GOTTFREDSON, M.",2.7258333333333327
"HIPP, J.",3.1325000000000003
"TURNER, S.",3.126666666666667
"YATES, D.",3.2176923076923076
"MEEKER, J.",3.106666666666667
"MC CLEARY, R.",3.4436
"LOFTUS, E.",3.39
"HAN, S.",3.64125
"HALL, C.",3.8751111111111105
"WANG, T.",3.700344827586207
"NAUGLE, L.",3.959375
LIM.,3.9
"RUSSO, B.",4.0
"KHERADVAR, A.",3.261818181818182
"BARKER, S.",3.864
"MATSUBARA, T.",3.58
"BETANCOURT, B.",3.9520000000000004
"MUNRO, I.",3.3325
"HOOKER, M.",3.8074999999999997
"BRESTOFF, R.",3.8252941176470587
"SIMON, E.",3.8746153846153844
"PAGE, J.",3.7944444444444447
"MACKEY, K.",3.49
"YU, J.",3.086666666666667
"LAWRENCE, C.",3.45
"VELICOGNA, I.",3.582
"MATTHEW, R.",3.619142857142857
"CHOI, C.",2.950833333333333
"SKAPERDAS, S.",3.3025
"RANJAN, P.",2.7730769230769234
"CARVALHO, J.",3.1966666666666668
"DUFFY, J.",3.00625
"DONG, Y.",3.2599999999999993
"CHERNYSHOFF, N.",2.866
"SAARI, D.",3.2525
"ROTH, K.",3.0528571428571425
"CARTER, E.",3.058
"NEUMARK, D.",2.812857142857143
"SWANSON, E.",2.847777777777778
"BOGART, D.",3.068888888888889
"RICHARDSON, G.",3.573666666666667
"BAILEY, D.",3.3297777777777777
"HINGA, B.",3.6525000000000003
"CLEAR, L.",3.5778947368421057
"VAN ES, E.",3.875
"JOHNSTON, J.",3.512826086956521
"LIN, K.",3.033
"JAFARKHANI, H.",2.5012499999999998
"CAPOLINO, F.",3.1712499999999997
"ANANDKUMAR, A.",3.11
"SMEDLEY, K.",2.8051282051282054
"HEYDARI, P.",3.33625
"NAGENTHIRAM, P.",2.31
"LI, G.",3.9176190476190467
"TSUGE, B.",3.88
"MUMM, D.",3.0758823529411767
"HECK, S.",3.8922222222222222
"HONG, P.",3.2545
"HELFER, R.",3.4190000000000005
"DAVIS, R.",3.2139655172413795
"BARTLETT, J.",3.5870000000000006
"STEINTRAGER, J.",3.463
"BURT, E.",3.383
"BIENDARRA, A.",3.2983333333333333
"GLEBOVA, A.",3.196363636363636
"BENAMOU, C.",3.393333333333334
"DIMENDBERG, E.",3.701578947368421
"VAN DEN ABBEELE, B.",2.91
MAHMUD-ABDELWAHAB.,3.2649999999999997
"THUMA, E.",3.4586666666666663
"SCHEPER, J.",3.233199999999999
"KANG, L.",3.1611764705882353
"REZAI, S.",3.88
"PAN, D.",3.1747826086956525
"MCLOUGHLIN, N.",3.600967741935485
"PATIL, U.",3.3840000000000003
"O'TOOLE, R.",3.0042857142857144
"BAUM, E.",3.4600000000000004
"THOMAS, A.",3.2216666666666662
"HAYNES, D.",3.2533333333333334
"FARMER, S.",3.5525531914893618
"GRUEN, M.",3.625
"CHRISTENSEN, C.",3.11
"TOPIK, S.",2.8600000000000003
"HART, G.",3.13
"RICHARDSON, D.",3.07
"DOMBROWSKI, L.",3.74
"MARK, G.",3.2414285714285715
"HAYES, G.",3.8299999999999996
"BIETZ, M.",3.5818181818181816
"NARDI, B.",3.3316666666666666
MEENAKSHISUNDARAM.,3.036875
"O'CONNELL, C.",2.9814035087719297
"SADIQ, K.",3.2886666666666664
"FUJII, J.",3.4
"WEATHERALL, J.",3.7281818181818185
"BARRETT, J.",3.701428571428572
"WELLMEYER, P.",3.413793103448276
"LUNAWAT, R.",3.3600000000000003
"GUI, L.",3.43
"SUN, Z.",3.6
"LANE, L.",3.6933333333333334
"JUERGENS, M.",3.53
"TREASURYWALA, MISTR.",3.95
"TRAINOR, H.",3.6466666666666665
"DREZNER, Z.",3.5888888888888886
"BRUNSWICK, R.",3.115
"KARTALIJA, M.",2.66
"BANERJEE, A.",2.132222222222222
"XIN, J.",2.66125
"SCHECHTER, M.",3.085
MOOBEDMEHDIABADI.,2.2750000000000004
"ENCISO RUIZ, G.",2.4
"YU, Y.",2.54875
"TERNG, C.",2.425
"ZHAO, H.",2.33
"FOREMAN, M.",2.526363636363637
"KOO, H.",2.28
"FIGOTIN, A.",2.1861904761904762
"GAMERO CASTANO, M.",3.0478571428571426
"LIU, F.",3.348181818181818
"LARUE, J.",3.71
"RUPERT, T.",3.2312499999999997
"AHMADKHANLOU, F.",3.71875
"TACKETT, E.",3.925
"BAUER, A.",3.0783333333333327
"SUN, C.",2.0759999999999996
"UMEZAKI, K.",3.669230769230769
"AKAGI, K.",3.2455555555555557
"SCHNEIDERMAN, J.",4.0
"MURATA, M.",3.36
"OLSHANSKY, E.",3.88
"BENDER, M.",3.9527272727272718
"CHOI, S.",3.95
"LUPTAK, A.",3.5025925925925923
"HOLTER, B.",2.955
"KENT, B.",2.8043750000000003
"SKYRMS, B.",3.2566666666666664
"GILBERT, M.",3.247272727272727
"CARSON, D.",3.088181818181818
"RITZ, T.",3.5704761904761897
"CASPER, D.",2.94
"HEIDBRINK, W.",2.63375
"TAFFARD, A.",3.0565420560747665
"BARWICK, S.",3.1398901098901093
"CHEN, M.",3.392857142857143
"BULLOCK, J.",3.23
"TAJIMA, F.",3.0383333333333336
"WHITE, S.",2.788333333333334
"SHIRMAN, Y.",3.060833333333333
"ABAZAJIAN, K.",3.363529411764706
"BOLLENS, S.",3.0790000000000006
"PIPKIN, S.",3.3154545454545454
"FELDMAN, D.",3.3
"STOKOLS, D.",2.872
"MUKAMEL, D.",2.9299999999999997
"SCHONFELD, W.",3.418
"BECKMANN, M.",3.6045454545454545
"DANZIGER, J.",3.108571428571428
"UHLANER, C.",3.444166666666666
"MONROE, K.",3.441666666666667
"SOLINGER, D.",2.7916666666666665
"DALTON, R.",3.27
"WATTAD, M.",3.14
"KELLEY, P.",3.1765000000000003
"CARTER, D.",3.143333333333333
"CHENG, J.",3.05
"CAUFFMAN, E.",3.2607692307692306
"GARNER, C.",2.83
"PHILIP, K.",3.318333333333334
"STEPHENSON, V.",3.978571428571428
"PRESSMAN, S.",3.9149999999999996
"SCAVIO, M.",3.2269999999999994
"RUMBAUT, R.",2.732222222222222
"RIM, K.",2.7439999999999998
"RUIZ, S.",3.84875
"SNOW, D.",2.78
"AVERY, J.",3.8071428571428565
"SCHOFER, E.",3.075714285714286
"FRANK, D.",3.6026315789473684
"POLLETTA, F.",3.3946153846153844
"AMENTA, E.",3.388333333333333
"WANG, F.",3.2015000000000002
"TREAS, J.",2.983333333333333
"MORALES-RIVERA, S.",3.6634782608695655
"SEFAMI, J.",3.6300000000000003
HERNANDEZ-TORRES.,3.707
"YU, Z.",3.025555555555556
"LEE, J.W.",3.41
"MURPHY, D.",2.9000000000000004
"HICKERSON, C.",3.1957142857142857
"SHORT, G.",3.0264705882352945
"ANSELMO, P.",3.12875
"LLOYD, J.",2.86
"TONKOVICH, A.",3.0452777777777773
"LEONG, D.",3.37
"CONNELL, C.",2.850909090909091
"TERREFE, S.",3.376666666666667
"VAZIRI, P.",3.2449999999999997
"BALON, R.",3.26
"JENSEN, I.",3.093333333333333
"SU, Y.",3.2338461538461534
"BOELLSTORFF, T.",3.85
"JENKS, A.",3.6144117647058818
"OLSON, V.",3.372222222222222
"ANASTAS, R.",3.8283333333333336
"SAMARAS, C.",3.73
"TUCKER, L.",3.5123809523809526
"ERDMANN, D.",3.36
"WINTHER, D.",3.2225
"LE-HUYNH, N.",3.716666666666667
"TRESEDER, K.",3.595
"GREEN, K.",2.8542857142857145
"SUN, S.",3.1942857142857144
"TSAI, S.",3.0066666666666664
"GLABE, C.",3.3215384615384616
"MULLIGAN, R.",3.035
"GUZOWSKI, J.",3.2536842105263157
"ASKEW, C.",3.335
"MAHAVONGTRAKUL, M.",3.225
"WALL, V.",3.05
"ROBERTS, J.",2.95
"STEVENSON, R.",2.89
"PEDERSEN, I.",3.0237499999999997
"RAFELSKI, S.",3.23
"CAMPBELL, D.",3.554
"SCHILLING, T.",2.665714285714286
"FOWLER, C.",3.337272727272728
"SUMIKAWA, K.",3.5625
"AVISE, J.",3.6950000000000003
"BRISCOE, A.",3.819
"CUMMINGS, B.",4.0
"AIZIK, S.",3.997272727272727
"WILSON, W.",4.0
"HUI, E.",3.008571428571429
"SHREIM, S.",2.835
"JUHASZ, T.",3.265
"LIU, W.",3.064230769230769
"DIGMAN, M.",3.71375
"READ, E.",3.2841666666666662
"HOO, C.",3.5340000000000003
"MOHRAZ, A.",2.5833333333333335
"RAGAN, R.",2.9266666666666667
"YEE, A.",2.9953846153846153
"HOCHBAUM, A.",3.0981250000000005
"NIZKORODOV, S.",3.3144444444444443
"AL-AMIN, M.",2.7
"CORN, R.",3.554444444444444
"ESSER-KAHN, A.",2.585
"NOWICK, J.",3.4000000000000004
"BURKE, K.",3.2379999999999995
"HEYDUK, A.",3.005714285714286
"MARTENS, C.",3.098
"FURCHE, F.",3.205
"FELICIANO, C.",2.9725
"MCNALLY, M.",3.238461538461539
"ZISSOS, P.",3.172272727272727
"JOSE, R.",2.953333333333333
"BAILEY, E.",3.2004999999999995
"SRINIVASAN, R.",3.4127272727272726
"ROSENBERG, S.",3.015555555555556
"GAGE, N.",3.37
"LILJEHOLM, M.",3.0233333333333334
"BLUMENFELD, R.",2.53
"FOWLKES, C.",3.4339999999999997
"BIDYUK, B.",3.5675000000000003
"MEHROTRA, S.",3.4908333333333332
"LI, C.",3.185882352941176
"VEIDENBAUM, A.",3.0020000000000002
"MARKOPOULOU, A.",3.2835714285714284
VENKATASUBRAMANIAN.,3.1925
"GIVARGIS, T.",3.7972413793103454
"GOODRICH, M.",3.234375
"FLEROVA, N.",3.35
"JAFAR, S.",2.6426666666666665
"BURKE, P.",3.155882352941177
"LIM, D.",3.89
"BANIMAHD, F.",4.0
"PINE, K.",3.5085714285714285
"GANIO, M.",3.49
"DALZELL, A.",3.6533333333333338
"COHEN, R.",3.39
"MORLIGHEM, M.",3.172857142857143
"MCBRIDE, M.",3.028181818181818
"WADHWA, W.",3.119565217391304
"BUTTS, C.",2.879375
"CLARK, D.",3.044
"ROSALES RUEDA, M.",2.92
"CHIAVERINI, J.",3.572222222222223
"MONTIJO, M.",3.2079999999999997
"GIOVANATTO, Y.",3.5200000000000005
"MARTINEZ, J.",2.65
"AYANOGLU, E.",3.7060000000000004
"DEMSKY, B.",3.0741666666666667
"AL FARUQUE, M.",3.17
"KURDAHI, F.",3.611428571428571
CHANDRAMOWLISHWARA.,3.17625
"TSAI, C.",3.45
"LAU, E.",3.9816
"MADOU, M.",3.1963636363636367
"THOMAS, F.",2.9266666666666663
"HARRIES, M.",3.371578947368421
"VAN SANT, A.",3.182
"JACKSON, V.",3.508888888888889
"IZENBERG, O.",3.2881818181818185
"MILES, J.",3.3433333333333337
"HARRINGTON, A.",3.43
"KINDREGAN, B.",3.0975
"SAMEH, C.",3.6458333333333335
"LUDWIG, C.",3.23
"BORUCKI, A.",3.480625
"O'CONNOR, C.",3.570588235294118
"FAHS, A.",3.71
"MORRISSEY, S.",3.29
"SMBATYAN, R.",3.8800000000000003
"KOBSA, A.",3.281999999999999
"TOMLINSON, W.",3.4869999999999997
"REDMILES, D.",3.65
"XIE, X.",3.450714285714286
"MAGNAN, C.",2.58
"MORRISON, C.",3.6400000000000006
"AMIRKHIZI, M.",3.2990243902439023
"HUTTEGGER, S.",3.658333333333333
"BARRON, L.",3.7983333333333333
"KOLAY, S.",3.5057894736842106
"ZHENG, L.",3.8270000000000004
"LAU, L.",3.487333333333334
"CHOUDHARY, V.",3.32
"MOULIK, S.",3.749249999999999
"DANIEL, K.",3.41125
"SOLNA, K.",2.428888888888889
"RODRIGUEZ, BRENES.",2.37
"DU, H.",3.01
"YOUSSEFPOUR, H.",2.6090625000000003
"KLEIN, A.",2.4137500000000003
"DUARTE BARRIGA, J.",3.12
"RAFIQUE, K.",3.1838461538461544
"TARROJA, B.",3.682
"PAPAMOSCHOU, D.",2.792222222222222
"ELGHOBASHI, S.",3.26
"HOLMAN, E.",3.7575
"GUO, Y.",3.9957142857142856
"BENAVENTE, C.",3.545
"PLON, L.",3.014705882352941
"LAKES, K.",3.8125
"JOACHIM, R.",3.0869999999999997
"CANAC, N.",3.843333333333333
"KRIVOROTOV, I.",3.25875
"BUOTE, D.",2.94
"GULSEN, G.",3.5
"MARANTZ, N.",3.3055555555555554
"SOLINGEN, E.",3.3359999999999994
"SCHWARZ, C.",3.37
"FISHER, M.",3.54
"PIFF, P.",3.401538461538462
"LUKOWSKI, A.",2.822173913043478
"EDWARDS, R.",3.2946153846153843
"NOYMER, A.",3.5028571428571427
"VOLKHONOVYCH, Y.",3.47
"WRIGHT, V.",3.3690909090909087
"SCHNEIDER, D.",3.09
"BAILEY, S.",3.3307692307692305
"BOLZENDAHL, C.",2.9887500000000005
"PENNER, A.",3.7761538461538464
"MAHIEUX, V.",3.641764705882353
"AVILES, L.",3.733636363636363
"GARCIA, B.",3.2633333333333336
"KUNDE, S.",2.76
"LITTON, W.",2.67
"DEARNER, C.",3.0225
"MATTHEWS, R.",3.055
"DIXON, L.",3.39
"VALDEZ, N.",3.74
"MCGOUGH, A.",3.84
VEATOR.,3.47
"WARNER, M.",3.82
DEUTSCH.,3.65
"ARMOUR, L.",3.97
"ZUMPFE, K.",3.25
"SHAPIRO, K.",3.44
"YURSHANSKY, J.",3.44
"SAN, DIEGO.",3.55
"CONTRERAS, H.",3.0300000000000002
"FAY, A.",2.4766666666666666
"SYED, A.",2.83
"NAIR, A.",2.995
"ROY, S.",3.2899999999999996
"HARKER, K.",2.6075
"ROHANIZADEH, M.",3.74
"LUNA, B.",3.09
"MCINTIRE, T.",2.6115384615384616
"HOLTON, A.",3.124634146341463
"SURYN, G.",2.6700000000000004
"PITZEN, J.",2.7733333333333334
"VANDERWAL, C.",2.552
"BELLATO, M.",2.65
"MCCLASKEY, C.",3.235
"KANG, H.",3.6333333333333337
FLESOCK.,2.9074999999999998
"EGHBAL, A.",2.7199999999999998
"MAGNUS, A.",2.84
SCOTT.,2.93
"GHAZI-TEHRANI, A.",3.2000000000000006
ANTONY.,3.39
"CHANDANPURKAR, H.",2.77
"LI, X.",2.557777777777778
"LIU, Y.",3.38
BRESNOCK.,2.7375
"FINN, I.",2.61
"GUGGISBERG, M.",2.96
"CHEHRAS, N.",2.76
"OZCAN, F.",2.34
"BURN, I.",3.03
"BEGOLLI, K.",3.6733333333333333
"WARMINSKI, A.",2.982
"YUSIN, J.",2.46
BREITENSTEIN.,2.8
"CHANDLER, M.",3.1550000000000002
IMAOKA.,2.96
"ENG-WILMOT, G.",2.96
"JALLATYAN, K.",3.1028571428571428
MALAKLOU.,3.56
"MUIR, J.",3.7
"O'MARA, IV.",3.25
"NINOMIYA, P.",3.6114285714285717
"MCCAHEY, D.",3.18
"GALEBACH, J.",3.644285714285714
"WU, Y.",3.27
"PLEKHANOV, S.",3.4475
"HIRANO, S.",2.45
"RODGERS, K.",3.25
"DEVANNY, W.",2.765
"JHA, H.",2.675
"HOJJAT, S.",3.53
"HAO, J.",3.14
"HAWKINS, M.",3.67
"KNUFF, D.",2.9033333333333338
"FEATHERMAN, M.",3.6128571428571425
CONWAY.,3.48
"SETO, S.",2.783333333333333
"ZHANG, Y.",2.538181818181817
"XIONG, J.",2.41
"VAN WART, A.",2.97
"BANICK, K.",3.18
"RICCI, V.",3.046666666666667
"DOWD, J.",3.01
"EATON, J.",3.06
"BEATTIE, P.",3.9050000000000002
"TIERNEY, A.",3.74
"HOVASAPIAN, A.",3.31
DAVIS.,3.436666666666667
KIM.,1.7
"MORGAN, P.",3.4553333333333334
"HAIL, H.",3.32
"TOMLINSON, C.",3.444523809523809
"MARTINEZ, F.",3.11
"HERNANDEZ, F.",2.97
"BATRES, S.",3.4
"TORRES-MENDEZ, M.",3.585
"GARCIA, C.",3.36
"PENA RAMOS, L.",3.145
"NGO, D.",3.5199999999999996
KUCERA.,2.5650000000000004
"WALKER, M.",3.88
"GULESSERIAN, S.",3.7199999999999998
"GROSS, D.",3.1400000000000006
"KIM, E.",3.4371428571428573
"DEWAN, W.",3.733690476190476
"SOJOYNER, D.",3.5706666666666664
"BALANCE, C.",3.6266666666666665
"DANIELS, J.",3.1500000000000004
"FRUMAN, D.",3.7422222222222223
"LUO, R.",3.5538461538461537
"HERSHMAN, I.",3.46
"LEON, M.",3.1650000000000005
"XU, X.",3.986111111111111
"YAN, G.",3.7835714285714284
"NENADIC, Z.",2.6216666666666666
"KIM, M.",3.09
"MECARTNEY, M.",3.08
"SCHOENUNG, J.",3.15
"RUIZ, V.",3.02
"JAYAKRISHNAN, R.",3.06
"TOK, Y.",3.046666666666667
"BLUM, J.",3.0822222222222226
"MJOLSNESS, E.",3.314
"COUTIN, S.",3.705714285714286
"GALIOTO, J.",3.8
"GRIFFIN, C.",3.7870833333333334
"MCKAYLE, D.",3.9625000000000004
"MANCHAK, J.",3.9116666666666666
"REYNOLDS, B.",3.5908695652173916
"FROEHLICH, M.",3.7921428571428573
"KERLEY-SCHWARTZ, S.",3.6133333333333333
"BORBA, A.",3.916923076923077
"CROOK, E.",3.064878048780488
"LONG, M.",3.4714285714285715
"KOPYLOV, I.",3.315
"FERNANDES, FRANCO.",2.9482608695652175
"BAKER, R.",3.4816666666666674
"JENKINS, J.",3.4669230769230768
"AHOURAI, F.",3.505
"WALTER, M.",3.6626966292134835
"LAZO, R.",3.305705882352941
"JOHNSON, V.",3.376470588235294
"LOTFI, I.",3.466666666666667
"WINZELER, K.",3.5666666666666664
"PARKS, M.",3.7199999999999998
"BLOCK, S.",3.2975000000000003
"SALINGER, S.",3.3433333333333337
"FEDMAN, D.",3.433
"MOUSAVI, S.",4.0
"MILLWARD, J.",3.6688235294117644
"LUMSDAINE, P.",3.85
"DENENBERG, D.",3.7570212765957454
"CRENSHAW, N.",2.55
"GOODMAN, S.",3.041666666666666
"CHOUDHURY, A.",3.2144827586206897
"KOWALCHUK, E.",3.28
"GALGON, G.",1.98
"ERVIN, G.",2.18
"PORTER, M.",2.898125
"SIMONYAN, A.",2.306
"ZHANG, S.",2.52
"CHEN, T.",3.227777777777777
"KOSTERS, M.",2.2105882352941175
"MOON, K.",2.4
"HONG, T.",2.68
"DAVIS, C.",3.033170731707317
"MCHALE, P.",2.5585714285714287
"ZEPEDA NUNEZ, L.",2.5414285714285714
"GUIDOTTI, P.",2.314
"TRANG, N.",2.6544444444444446
"WON, Y.",3.005714285714286
"HOUSTON, S.",3.4617948717948717
"TAYLOR, D.",3.98125
"SCOLNIK, N.",3.982
"FIRESTONE, A.",3.585
"ROUSSEAU, J.",3.3049999999999997
"GOULDING, C.",3.17
"COHN, J.",3.29
"FITZGERALD, M.",3.2776190476190474
"DOLLAR, F.",3.4934374999999998
"LIN, Z.",2.5791666666666666
"RINEHART, J.",3.2101754385964916
"RODRIGUEZ, R.",3.3033333333333332
"GRANT LUDWIG, L.",3.3306666666666667
"LAKON, C.",3.28
"GARFIN, D.",3.3035294117647056
"LUI, J.",2.717575757575757
"SOSA, C.",2.4983333333333335
"LANGDON, L.",2.936666666666667
"KE, W.",3.2266666666666666
"SCHULTE, J.",3.526842105263158
"QUACKENBUSH, G.",3.758
"MAGID, B.",3.481428571428572
"PEACE, S.",3.204615384615385
"SHIPLEY, A.",3.543333333333333
"PERLOFF, A.",2.4466666666666668
"MAURER, J.",3.5152000000000005
"LALINDE, J.",3.2437500000000004
"VARELA, C.",3.5789473684210535
"FITZJARRALD, L.",3.590370370370371
"ROSENDAHL, C.",3.6477777777777782
"DAVIES, E.",3.0875
"RAO, A.",3.451428571428571
"GRANT, M.",3.0488888888888885
"KU, R.",3.0700000000000003
"RAMON, M.",3.21
"CARTER, A.",3.2159999999999997
"GOULD, M.",3.4966666666666666
"PATEL, S.",3.4014285714285712
"KINNEY-LANG, S.",3.4433333333333334
"CAPUTO, D.",3.5496774193548384
"BARRETT, R.",3.2691666666666674
"SHAPIRO, B.",3.2039999999999997
"RODRIGUEZ, J.",3.39
"WILD, B.",3.646470588235294
"YANIGA, A.",3.13375
"WOOD, A.",3.1933333333333334
"GOODALE, S.",3.005
"WEEKS, M.",3.278333333333333
"CARLSON, R.",3.896666666666667
"LITWIN, I.",3.0374999999999996
"BOSE, M.",3.146666666666667
"BUHANAN, K.",2.83
"COOKS CUMBO, B.",3.157142857142857
"SOTO-DIAZ, M.",3.782857142857143
"WOLFGRAM, J.",3.045
"MIMURA, G.",2.9826315789473683
"RAZORENOVA, O.",3.164444444444444
"BUSH, R.",2.685
"ARORA, K.",3.545
"BOIKO, A.",2.7
"COTMAN, C.",3.5666666666666664
"MCNAUGHTON, B.",3.7642857142857147
"GARGUS, J.",4.0
"LAKEY, J.",3.978
"GRATTON, E.",3.847142857142857
"MANDELSHTAM, V.",2.724285714285714
"CHAPUT, J.",3.4783333333333335
"ENRIQUEZ, L.",3.4177777777777774
"ABDOLHOSSEINI, QOMI.",2.59
"JAIN, R.",3.433333333333333
"GAUDIOT, J.",2.669411764705882
MESSINA-KLEINMAN.,3.4799999999999995
"MALLY, L.",3.91
"MANKE, A.",3.57
"VERAVERBEKE, S.",3.64
"BRIDGES, W.",3.2175
"MENDOZA, E.",3.62
"SIMPKINS-CHAPUT, S.",3.605
"KETSEOGLOU, T.",3.468888888888889
"SZALAY, M.",3.478333333333333
"WILLWERSCHEID, J.",3.6550000000000002
"MAHMUD, L.",3.3674999999999997
"MITCHELL, L.",3.4699999999999998
"MCCLURE, D.",3.4322222222222223
"OCEGUEDA, M.",3.51
"HIGHSMITH, A.",3.531111111111111
"HAIMSON, O.",3.44
"BALDI, P.",3.4085714285714284
"KERNAN, J.",2.95
"STROUT, W.",3.5700000000000003
"WEINSTEIN, H.",3.145
"YIN, S.",3.55
"NIAN, T.",3.8649999999999998
"PEARCE, J.",3.26
"GRAHAM, J.",3.795
"ZHANG, X.",2.847368421052632
"GORODETSKI, A.",3.0485714285714285
"BRANNICK, J.",3.55
"KAPLAN, N.",2.8671428571428565
"NIE, Q.",2.56
"WAN, D.",3.063333333333334
"BOBROW, J.",3.311666666666667
"DOLAN, B.",3.875
"LIGETI, L.",3.3227272727272723
"BLICKFELDT, K.",4.0
"BERG, J.",3.79
"GUISASOLA, S.",3.06
"KEELEY, R.",3.9073684210526323
"MOLZON, W.",2.9145762711864407
"RUTLEDGE, J.",3.28
"TAJIMA, T.",3.13
"NICHOLLS, W.",3.2746153846153843
"FRIED, J.",2.77
"GARDE, A.",3.628461538461538
"CHAMBERS, S.",3.0586666666666664
"KOPSTEIN, J.",3.442999999999999
"CAMPBELL, J.",3.275
"TWIST, K.",2.8075
"HENRY, S.",2.05
"DETRANO, R.",3.99
"VIGIL, V.",3.625
"WIE, J.",3.8233333333333337
"OCHI, D.",3.3160000000000003
"GOLDBERG, R.",3.3131578947368414
"STRINGS, S.",3.215714285714285
"OMBAO, H.",3.45
"CHRISTENSEN, F.",2.87
"SHEN, W.",3.220714285714286
"PARKS, S.",3.5340000000000003
"MATHEWS, E.",3.1599999999999997
"MARCUS, G.",3.517777777777778
"TSUI, C.",3.5420000000000003
"AISPURO, E.",3.8875
"SELVIK, R.",3.84
"MURNANE, M.",3.6666666666666665
"ZAVEH, M.",3.865
"RUANO, A.",3.8
"HERBERT, J.",3.3033333333333337
"SENEAR, D.",2.89
"HUGHES, B.",3.846981132075472
"MOROZKO, E.",2.995
"FIGUEROA VELEZ, D.",3.05
"SANCHEZ, I.",3.11
"KILIANSKI, S.",2.99
"EMERSON, J.",3.125
"BREDY, T.",4.0
"ANDERSEN, B.",4.0
"WILDER-SMITH, P.",4.0
"KING, R.",3.62
"ARDO, S.",2.8983333333333334
"APKARIAN, A.",2.8099999999999996
"EL GANZOURY, H.",3.385
"GRANT, S.",2.543333333333333
"FAHRTASH, M.",3.72
"LEVINE, L.",2.955
"ZHAO, S.",3.321875
"MALEK, S.",3.350769230769231
"BERK, H.",3.384255319148936
"CHAVEZ, A.",3.98
"BLACKWELL, M.",4.0
"GIFFORD, S.",3.9
"GUENTHER, A.",3.2
"XU, D.",3.2024999999999997
"WIRTH, D.",3.6234782608695646
"GREEN, M.",3.086470588235294
"RECKER, W.",3.7
WILLWERSCHEID.,3.4699999999999998
"COLLER, I.",3.5641176470588234
"ALTENBERND, E.",3.17
"MILNE, A.",3.3600000000000003
"LOPES, C.",3.350769230769231
"OLSON, G.",3.06
"TANENBAUM, J.",3.7387499999999996
"TUHUS-DUBROW, R.",3.4975
"CEVIK, S.",3.291875
"GOFFARD, C.",3.642857142857143
"WEHMEIER, K.",3.6390000000000002
"YANG, D.",3.4025
"KNIAZEVA, M.",3.3157142857142863
"SANCHEZ-TAPIA, C.",2.465
"YAN, H.",3.4391304347826077
"WAN, F.",3.1766666666666663
"JITOMIRSKAYA, S.",2.283333333333333
"MUZIO, L.",3.483333333333333
"WEINSTEIN, J.",3.62
"SCHAFER, K.",3.388333333333333
"ZANE, M.",2.74
"DE LA MAZA, H.",3.6125000000000003
"PLETT, T.",3.225333333333333
"SIRYAPORN, A.",3.2646666666666664
"TOPPER, K.",2.9699999999999998
"RHINEHART, A.",3.964
"HOUSTON, J.",3.54
RIM.,2.4
"ESPINOZA, C.",3.040625
"KESSLER, S.",3.32
"RYAN, M.",3.5840000000000005
"SORENTINO, S.",3.675
"HARTMAN, G.",3.2299999999999995
"MCKINSON, K.",2.81
"DEUTSCH, C.",3.37
LEE.,3.66
"CAHILL, C.",3.225
NELMS.,3.33
"ALBERT, B.",3.7800000000000002
"RINCON, D.",3.92
"OCHOA, V.",2.67
"KARSTEN, C.",2.37
"HO, B.",2.92
"CALLE, E.",2.34
"VO, T.",2.61
"ALVAREZ, M.",3.035
"LISTER, E.",3.09
"KATSANIS, A.",3.165
"RUTLEDGE, G.",3.24
"AHRAR, S.",3.99
"ROMONOSKY, D.",2.44
"CHEN, K.",2.826
"FARRAG, I.",3.25
"PARKER, E.",2.96
"YATES, T.",3.58
"GROULX, K.",2.465
"PIFER, N.",2.79
HANINK.,3.0833333333333335
MAGNUS.,3.26
"MEJIA MESINAS, A.",3.57
DUNBAR.,2.93
"TOSCA, M.",2.87
"ELDER, C.",2.69
"GRIEMAN, M.",2.56
"SECO GUIX, R.",2.39
"DOBSON, L.",2.63
"CHO, E.",3.491428571428571
"ASQUITH, B.",3.07
"CHATURVEDI, M.",2.96
"BHATTACHARYA, A.",3.7824999999999998
"SHIRLEY, P.",2.78
"KUMAR, V.",3.19
"JESSIE, D.",2.4292000000000002
"ZINGER, D.",3.5266666666666673
"AMIRI, D.",3.51
"ABDEL LATIF, M.",3.0016666666666665
"FAN, C.",3.3400000000000003
GONZALES.,3.08
"BREITENSTEIN, S.",3.1380000000000003
MCKENNA.,3.455
"MALEKZADEH, ERDAJI.",3.205
"FOUSER, D.",2.93
"COMBS, M.",3.205
DICKMEYER.,3.68
OLOMI.,3.83
"IBRAHIM, M.",3.2511111111111113
"GAGO MASAGUE, S.",3.4158620689655175
"LEE, P.",2.73
"SCAUSO, M.",3.33
"TOLL, A.",3.09
"BAI, J.",3.32
"LEE, Y.",3.38074074074074
"AKDEVELIOGLU, D.",3.73
"LI, Y.",3.2199999999999998
"GOREN, V.",2.256666666666667
FERENC.,2.36
"HORNE, J.",2.94
"ZIAEE, A.",2.5375
"INGATO, D.",3.2
"PRITCHARD, D.",3.4878260869565216
BANICK.,2.99
"GILTON, M.",3.1849999999999996
HYLAND.,2.63
"BAGHGAR BOSTAN, ABA.",3.4127272727272726
"BRYANT, D.",2.99375
"KNIGHT-RINI, M.",3.605
WILFORD.,2.93
LUBENS.,2.83
"BREDOW, V.",3.7933333333333334
"MUNOZ, K.",3.4
"DILLON, H.",3.01
CONTRERAS.,3.52
MORGAN.,3.0700000000000003
"VICTORIA TORRES, P.",4.0
"HOSOKI, R.",2.6599999999999997
"VANN, B.",3.95
"LASCHEVER, E.",3.1
"WANG, C.",2.855
"GRUEN, L.",3.0149999999999997
"ALLEN, C.",3.57
DELALTO.,2.7649999999999997
"CARR, W.",3.8049999999999997
"WENCLEWICZ, K.",2.97
"RUMMERFIELD, W.",2.61
"AGUA, J.",3.84
"MEARES, I.",3.39
"GOWANS, J.",3.7600000000000002
"GIDEONSE, T.",3.433958333333333
"CINQUIN, O.",2.788888888888889
"WUNDERLICH, Z.",2.63
"ATWOOD, S.",3.6088235294117648
"BERNS, M.",3.1966666666666668
"METHERATE, R.",3.7218181818181817
"SEILER, M.",3.984375
"DUNCAN, P.",2.85
"DOWNING, T.",3.6500000000000004
"NAEIM, F.",3.0500000000000003
"BUCKNAM, J.",3.5366666666666666
"ELDEFRAWY, K.",2.81
"MUNIZ, A.",3.7666666666666666
"ALLEN, A.",3.04
"YAMANAKA, B.",3.986666666666667
"REED, C.",3.9649999999999994
"BATES, A.",3.8733333333333335
"HARDING, M.",3.522222222222222
"OLIVA VALLEJO, B.",3.01
"YOUNG, E.",3.04
"DEUS, T.",3.6666666666666665
"FARKAS, G.",3.7630000000000003
"BEHBAHANI, A.",2.92
"KLEINFELDER, S.",3.83
"DUNFORD, A.",3.36
"MARTIN, T.",3.302307692307693
"PERMEZEL, M.",3.4266666666666663
"FREI, P.",3.347272727272727
"ROOTS, J.",3.3700000000000006
"BOWKER, G.",3.662857142857143
"BLACK, R.",3.7588235294117647
"HERMANS, K.",3.139230769230769
"TRAMMELL, A.",3.52
"CHARBIT, D.",3.0599999999999996
"KANAVOU, A.",3.3049999999999997
"KATZ, J.",3.4499999999999997
"KIM, N.",3.77
"BRADFORD, K.",3.718888888888889
"COX, S.",3.13
"FULLER, E.",3.5775000000000006
"FRANCO DE LEON, M.",2.55
"CAMPBELL, M.",2.234
"TROGDON, T.",2.925
"SCHOEN, R.",3.0342857142857143
"DANIELIAN, S.",3.92
"WANG, P.",3.7733333333333334
"HAMMEL, S.",3.36125
"KOO, S.",3.9212499999999997
"COLIVA, A.",3.4899999999999998
"BRANDOM, B.",3.53
"WANG, J.",3.17
"GASWINT, G.",3.5159999999999996
"LUCAS, R.",3.21
"STANFIELD, M.",3.1733333333333333
"SWANEY, J.",3.0324999999999998
"TANNER, J.",3.3449999999999998
"YU, S.",3.5699999999999994
"SAWAYA, R.",3.32
"HAKIMI, S.",3.7649999999999997
"MAKSIMOV, P.",3.65
"KHAN, A.",3.8000000000000003
"WATERBURY, M.",3.8049999999999997
"YU, A.",3.5321428571428584
"VILLHAUER, E.",3.533333333333333
"PLACE, S.",3.825
"DRURY, S.",3.2619999999999996
"CHEN, S.",3.144
"TAULBEE, J.",2.6700000000000004
"COMBS, C.",2.6166666666666667
"ROMERO, A.",3.116666666666667
"LILLARD, B.",2.9339999999999997
"BLUM, T.",2.7399999999999998
"GROFMAN, B.",3.4453846153846146
"LOCKYER, W.",3.54
"RITT-OLSON, A.",3.5225
"FORAKER, J.",3.1815384615384614
"BERLIN, M.",3.4345454545454546
"SACKS, R.",3.4185714285714286
"GREEN, R.",3.18
"OVEISY, F.",2.643333333333333
"SEIGEL, G.",3.3866666666666667
"SMITH-NEWMAN, J.",3.4979999999999993
"BOBIER, C.",3.2325
"LEVIN, D.",3.4877777777777776
"CARNIE, D.",3.514285714285714
"PRICE, D.",2.996976744186047
"SPEER, M.",2.98125
"RICHARDSON, S.",3.578888888888889
"TAN, I.",3.7815789473684216
"MCCABE, T.",3.054166666666667
"NAGRA, S.",3.7614285714285716
"ABRAMS, J.",3.401111111111111
"SLADE, M.",3.4516666666666667
"GOLDSMITH, M.",3.1666666666666665
"BRATCHES, T.",3.2199999999999998
"TSUFIM, F.",2.969
"DZIUBA, A.",3.0566666666666666
"SCHWARTZ, S.",3.27
"HOGELAND, A.",3.2485714285714287
"WILLIAMS, T.",3.1496153846153847
"WOOD, J.",3.4447999999999994
"ROGERS, J.",3.073333333333333
"CSEPANYI, A.",3.84
"ROSS-HO, A.",3.940625
"DONAHEY, K.",3.8379999999999996
"WEARING, S.",3.46
"ZHENG, X.",3.37
"SALINAS, K.",3.13
"THORNTON, K.",2.853333333333333
"CAIOZZO, V.",3.67
"BENMOHAMED, L.",4.0
"BILLIMEK, J.",4.0
"KIMONIS, V.",4.0
"LI, H.",3.1935294117647057
"RICHARDSON, M.",2.465
"BOGART, J.",2.98
"MANG, S.",3.1766964285714283
"LI, M.",2.3723529411764708
"KATEBIAN, L.",3.19
"PRETORIUS, C.",3.08
"GARRIDO, M.",3.4466666666666668
"COLBURN, H.",3.235
"COX, A.",3.667142857142857
"MOR, L.",2.904166666666667
"AHMAD, A.",3.4166666666666665
"BURTSEV, A.",3.066666666666667
"EBRAHIMI, P.",2.748
"OWENS, E.",3.2199999999999998
"WILLIAMS, K.",3.527272727272728
ALVAREZ.,3.585
"LUBOVITCH, L.",3.9525
"ALSBERRY, J.",3.7
"DO, A.",2.5933333333333333
"KIDDER, J.",4.0
"TRUMBORE, S.",3.2
"FREEDMAN, M.",3.5066666666666664
"PENNER, E.",3.6
"LEE, D.",3.492
"GIAKOUMIS, S.",3.808
"SCHUMACHER, B.",3.6463636363636365
"PRIESTAF, S.",3.435
"CHOI, M.",3.1025
"SCHATZ, J.",3.346666666666667
"BERBERIAN, H.",3.310909090909091
"MAZMANIAN, M.",3.7000000000000006
"ZHENG, K.",3.9353333333333333
"JORDAN, S.",3.006
"SCARFONE, P.",2.78
"BISKUPIC, J.",3.16
"AHN, A.",3.69
"COULSON, N.",3.365555555555556
"VENKATESH, A.",3.975
"HIRSHLEIFER, D.",3.38
"PLUTA, R.",2.5277272727272724
"FORERO CUERVO, A.",2.0375
"RANGAMANI, N.",2.762857142857143
"SHKEL, A.",2.758
"IMADA, A.",3.7024999999999997
"GRIMES, N.",3.2076470588235293
"MITCHELL, N.",3.856666666666667
"KELLER, S.",3.526666666666667
"BIAN, J.",3.354296875
"TAIT, T.",3.0
"ULIBARRI, N.",3.6
"GILLMAN, H.",3.6750000000000003
"SHARIFF, A.",2.55
"DONCKELS, J.",3.74875
"LEBRON, A.",3.364
"LEGER, K.",3.41
"CALDERON-ZAKS, M.",2.9299999999999997
"TORRES MENDEZ, A.",3.7266666666666666
"NUNEZ, G.",3.7474999999999996
"CASH BEARE, L.",3.34
MARTINEZ-NAVARRO.,2.93
"MALDONADO, M.",3.59
"KUCERA, L.",2.7654545454545456
"CARTER, L.",3.2566666666666664
"MAA, G.",2.9933333333333336
"SINGER, K.",3.1666666666666665
"FINLEY, K.",3.3242253521126766
"BAKKE, B.",3.835
"BORENSTEIN, R.",3.908
"MACKAY, A.",3.75
"FAYMAN, E.",3.53
"EMAMIFAR, N.",3.78
"BYRD, S.",3.837142857142857
SHROFF.,3.6999999999999997
"CRAPSER, J.",3.34
"CAMPBELL, R.",3.495
HARKER.,3.28
"RIBBE, M.",3.2925000000000004
"SHIRAIWA, M.",2.9385714285714286
"HEMMINGER, J.",2.67
"CARLTON, A.",3.4490000000000003
AMON.,3.385
"FLORES, N.",3.69
"DORVASH, S.",3.39
"DOSHER, B.",3.885
"NEFTCI, E.",3.3825000000000003
"SCONTRAS, G.",3.6725000000000008
"AMIRI SANI, A.",2.9583333333333335
"SINGH, S.",3.7625
YATES.,3.05
"CRAWFORD, J.",3.9766666666666666
"SORTE, C.",3.3549999999999995
"MCGUIRE, C.",3.7842857142857143
"GUPTA, D.",2.57
"CARRILLO, J.",3.694666666666667
SCHWEITZER.,3.165
"BABACI-WILHITE, Z.",3.8600000000000003
"NEVAREZ, D.",3.8946666666666667
"LILLO, S.",3.563333333333334
"VANDELL, D.",3.35
"WANG, Z.",2.525
"CLONTZ, A.",2.9964705882352938
"HARNICK-SHAPIRO, B.",3.6029032258064517
"MCCLANAHAN, A.",3.45625
"LITWIN, C.",3.1684615384615387
"SQUIRE, K.",3.8633333333333337
"DARDA, J.",3.36
"JORJANI SADRI, S.",2.69
"SHANTHIKUMAR, D.",3.345
"BRADFORD, T.",3.3033333333333332
"XIN, M.",3.2300000000000004
"PECHMANN, C.",4.0
"GUO, Z.",2.535
"DWORKIN, M.",2.91
"NIKOLOVA, S.",3.001
"ASHOK, PARAMESWARAN.",2.62
KIRKBY.,3.06
"LEVIN FIORELLI, I.",3.6357142857142857
JONES.,3.04
"CAMPI, A.",3.49
BLUM.,3.0333333333333337
VILLARREAL.,3.25
"STREJA, E.",3.41
"BARTELL, S.",3.05
"HOLT, B.",3.83125
BEARDSLEE.,3.04
"GUERRA, N.",3.834285714285714
"BIT, J.",3.96
"SADIKOFF, M.",3.143333333333333
"STILLAR, B.",3.0966666666666662
ARMSTRONG.,2.4050000000000002
"WIRKUS, J.",3.313333333333334
"CHAMBERLIN, C.",3.33
DELUCA.,3.0300000000000002
"BROOKS, E.",3.65
"POPPERL, S.",3.81
"COBEN, N.",2.875
"SANCHEZ, D.",3.2433333333333327
"SAN DIEGO, R.",3.75
CHO.,3.46
"ASEM, J.",3.28
"WARRIOR, R.",3.086
"CHREIFI, G.",2.75
RAMIREZ.,2.51
"SUBRAMANIAN, A.",3.18
"MURALI, M.",2.14
"GALLAGHER, M.",3.395
"NUYUJUKIAN, D.",3.6100000000000003
"ISSAIAN, A.",2.76
"HIEW, S.",2.52
"YOO, S.",3.1119999999999997
"WINTER, A.",3.14
"BROUSSARD, S.",2.73
"RAUP-KOUNOVSKY, A.",3.28
"WARD, K.",3.8442857142857143
"ROCHA, R.",3.7271428571428573
"PARKER, S.",2.58
"NICEWONGER, M.",2.63
"LI, T.",3.14
"DIMITRUK, K.",2.6849999999999996
"YOSHIOKA, K.",2.87
"LUTTMANN, A.",2.85
"RAGUSA, G.",2.4
CHOU.,3.854
"SEYYEDHOSSEINI, M.",3.81
JENSEN.,3.13
"KAUFMAN, S.",3.545714285714286
"SCHMITT, M.",3.19
"KRUGER-ROBBINS, B.",3.4154545454545455
"KNUTSON, M.",2.983333333333334
"ANDRES, E.",3.48
"HUMPHREY, O.",3.4042857142857144
"CANAVERA, K.",3.03
SCAUSO.,3.1550000000000002
"SEONG, E.",3.23
"SAVINELLI, K.",2.86
"EKLUND, S.",3.6670000000000003
"MORTON, J.",3.67
"NOURBAKHSH, S.",3.09
"YOON, E.",3.97
"CAMPBELL, S.",3.51
"KLEINHANS, J.",3.72
"CAO, S.",2.654705882352941
"PENG, T.",1.97
"CHIEN, Y.",3.17
"MAGGIA, M.",2.801176470588235
"YU, L.",3.48
"KWA, A.",2.71
"BADESCU, F.",2.906
"MILGIE, M.",3.215
"KARWIN, C.",2.79375
"KIM, H.",3.658333333333333
"ARORA, M.",3.5
"REILING, C.",3.08
"ALLEN, T.",3.7285714285714286
"HORN, D.",3.64
PHUNG.,3.12
"THOMPSON, R.",3.23
"URBAN, E.",3.41
"SIMPSON, R.",2.91
"WU, K.",2.8
"KAUFFMAN, V.",3.1233333333333335
"WATSON, E.",3.578181818181818
"FUENTES, J.",3.47
"QUINTANA, P.",2.86
"NUNO, M.",2.585
RUMMERFIELD.,3.09
"FORTUN, M.",3.51875
"STRAUGHN, I.",3.2269565217391305
"GARCIA, K.",3.65
"BERGSTROM-KATZ, A.",3.91
"PFEIFFER, M.",3.491666666666667
"WELKER, K.",3.92
"MASTER, J.",3.47875
"GORDON, E.",3.93
"ANDERSON, A.",3.983333333333333
"BARAM, T.",3.9975
"LOTFIPOUR, S.",3.9771428571428573
"KNIGHT, D.",3.2581818181818183
"PENNER, R.",3.086666666666667
"HIRSCHAUER, S.",2.46
"LANNING, J.",3.568387096774194
"SABET, S.",2.44
"NGUYEN, P.",3.8733333333333335
"SPERLING, G.",3.395
"SUDDERTH, E.",3.375
"WU, Z.",3.208181818181819
"RODRIGUEZ, N.",3.2875
"GRISWOLD, E.",3.40125
"BITONG, L.",3.83
"HARPER, J.",3.89
"MURAOKA, A.",3.91
"IHRIG, D.",4.0
"CHAKRABORTY, D.",3.2659999999999996
"KOROBKOVA, K.",3.415
"CARDONA, M.",3.65
"MALCZEWSKI, J.",3.501111111111111
HECK.,4.0
"COURTES, L.",3.59
"NOLAND, C.",3.4845454545454544
"CROOKS, R.",3.86
"NORTON, J.",3.2649999999999997
"GASSKO, I.",3.3433333333333333
"RUBERG, B.",3.5644444444444443
"HOFNUNG, M.",3.185
"MCCARTY, P.",3.7649090909090908
"SNYDER, R.",3.3184000000000005
"PIERSON, P.",3.824
"LEFFEL, B.",3.618
"HIRSHLEIFER, S.",3.307142857142857
"HUANG, L.",3.277222222222222
"MATEI, V.",2.2291666666666665
"ZHAO, M.",2.455
"EVANS, K.",2.58
"YU, F.",2.48
"TABRIZIAN, P.",2.3850000000000002
"MA, T.",1.9
"KOMZSIK, L.",2.6412500000000003
"MACLEAN, A.",2.02
"MEINECKE, L.",2.73
"VIACLOVSKY, J.",3.1000000000000005
"GOLDBRING, I.",2.858333333333333
"VERSHYNIN, R.",2.723333333333333
"ABRAMOVICH, P.",3.241764705882353
"PLOEN, S.",2.56
"WHEALON, C.",3.755
KNOLL.,3.36
"ROSS, L.",3.535714285714285
"DALE, D.",3.77
"SHIELDS, A.",3.0966666666666662
"GOGGIN, S.",3.1972727272727273
"HASEN, R.",3.19
"MALNIGHT, J.",3.1799999999999997
"YOUSEFI, M.",3.6033333333333335
"DANDAMUDI, K.",3.38625
"RIIS, J.",3.1475
"KLEMFUSS, J.",3.471666666666667
"RO, A.",3.165
"SORKIN, D.",3.59
"SCHNEIDER, M.",3.85
"MEDINA HUARITA, E.",3.4749999999999996
"DENT, A.",3.6590476190476187
"KRAIG, A.",3.3433333333333333
"KHAW, D.",3.94
"LERCH, J.",3.5071428571428567
"ARMSTRONG, D.",3.313958333333334
"AEBERSOLD, S.",3.0431250000000003
"LEE, S.",3.586
"ZAMENI, H.",2.724285714285714
"DAMM, K.",3.456666666666667
"YAN, A.",3.1833333333333336
"STYZA, A.",3.2255555555555557
"COSGROVE, T.",3.436666666666667
"BATRES, E.",3.5200000000000005
"RAMIREZ, L.",3.321666666666667
"BAUMGARTNER, J.",3.240769230769231
"RYTHER, S.",3.288888888888889
"WARD, H.",3.042222222222222
"SETTELL, J.",3.3920000000000003
"MACDONALD, D.",3.4622222222222216
"SWIFT, L.",3.3477777777777775
"MIXON, A.",3.495
"DUCHARME, R.",3.346
"MAZLOUMI, B.",3.3176923076923073
"YAN, J.",3.26
"FLACK, K.",3.328333333333333
"PARNEGG, M.",3.3871428571428575
"MYKKANEN, R.",3.1725
"BOYLES, M.",3.4322222222222223
"DRESSEL, S.",3.1325000000000003
"DORFMAN, K.",3.2622222222222224
"SEFIC, D.",3.44875
"DOW, H.",3.1862500000000002
"PALLARES, R.",3.3609999999999998
"HEIM, J.",3.242
"WOODS, D.",3.4775
"MATLOCK, D.",3.3083333333333336
"BEJARANO, C.",3.59
"HAMDY, S.",3.5680000000000005
"GLYNN, M.",3.776
"BORNSTEIN, J.",3.8261538461538462
"WHITESON, K.",3.597777777777777
"HUG, S.",2.53
"POULOS, T.",2.645
"SHERAFAT, Y.",3.56
"FRACCHIA, K.",2.91
"LODOEN, M.",3.7099999999999995
"WONG, B.",4.0
"TOBAR, H.",3.68
"HUNING, L.",3.1
"THAI, J.",3.56
"SCHWAB, G.",3.546666666666667
"LEVORATO, M.",3.4625000000000004
"HERMAWAN, K.",3.71
"CABATINGAN, L.",3.374545454545455
"SKARPETOWSKA, K.",3.505
"DONMALL-REEVE, L.",3.5
"AYALA-WARNER, K.",3.938333333333333
"DOYLE, R.",3.635
"RODMAN, T.",3.698888888888889
"SALTZMAN, E.",3.155
"WERTH, S.",3.2
"JIANG, L.",3.605454545454545
"LUDWIG, J.",3.085333333333333
"GATLIN, B.",3.7909999999999995
"GOODRIDGE, S.",3.404074074074074
"TSENG, P.",3.2459090909090906
"HAGGINS, B.",3.2800000000000002
"PROVENCHER, K.",3.30375
"RAFI, M.",3.54
"JAMBHEKAR, S.",3.4625000000000004
"CHO, A.",3.4
"SALEN, K.",3.807142857142857
"GAYDOS, M.",3.515
"SIAPNO, J.",3.9
"LAURO, G.",3.373333333333333
"SCHMITZ, T.",3.29
"HAZIZA, M.",3.1399999999999997
"NOJABAEI, S.",2.614
"WILKINSON, J.",2.3623809523809522
"ERJAEE, G.",2.947777777777778
"ZHONG, Y.",2.91125
"SORACE, R.",2.458846153846154
"WANG, D.",2.8644736842105263
"NGUYEN, S.",2.15
"CHAN, K.",2.6
"ROMAN, S.",2.578666666666666
"YANG, S.",3.105
"SHIN, B.",3.79
"MCCALLUM, D.",3.28
"KEMP, J.",3.7199999999999998
"ROBERTSON, P.",3.3066666666666666
"ALLAIRE, M.",3.175
"MCTHOMAS, M.",3.206363636363636
"SARDO, M.",2.9949999999999997
"LU, Y.",3.1839999999999997
"RUFFULE, M.",3.9499999999999997
"WONG, K.",3.3884615384615384
"DEVOY, J.",3.7824999999999998
"HSIEH, D.",3.96
"NEIGHBORS, T.",3.930909090909091
"SCHAEFER, D.",3.29
"HIRONAKA, A.",3.795
"TOSCANO, J.",3.6825
"GUINDANI, M.",3.6
"GERACI, J.",3.2276000000000007
"ESLAMI, M.",2.554
"LEE, G.",3.521666666666667
"WEEKS-MAHONEY, M.",3.51375
"COPI, S.",3.344
"ANSELMI II, J.",3.4479999999999995
"COLMENARES GIL, C.",2.85
"MAAMUUJAV, U.",2.9259999999999997
"PHELPS, K.",3.1366666666666667
"WINIARSKI, C.",3.0033333333333334
"REED, S.",2.81
"MOORE, D.",3.606666666666667
RAMIREZ-STAPLETON.,3.9200000000000004
"SIEGEL, C.",3.31
"DOBRIN, J.",4.0
"MILLER, N.",3.7399999999999998
"WANG, A.",3.98
"FAIOLA, C.",3.4583333333333335
"LEW, A.",3.256818181818182
"INLAY, M.",3.6375
"COCCO, M.",3.34
"MESSAOUDI, POWERS.",3.2024999999999997
"KING, C.",3.565862068965518
"ANDRICIOAEI, I.",2.738
"REILLY, A.",2.533333333333333
"HERNANDEZ, A.",3.5107142857142852
"VILLALPANDO, A.",2.3449999999999998
"FEINSTEIN, R.",3.3099999999999996
"EILERTS, H.",3.39
"ISIGUEN, A.",3.41
"TAYLOR-RYDMAN, P.",4.0
"RAPIER, T.",4.0
"MUELLER, N.",3.3166666666666664
"SCHWEITZER, J.",3.4133333333333336
"CONNOR, C.",3.835
"SAHRANAVARD, N.",3.7285714285714286
"PENA, E.",3.782
"SYNYCIA, N.",3.19
"GRIFFEY, T.",3.3271428571428574
"SQUIRE, C.",3.6133333333333333
"LOCKWOOD, E.",3.017857142857143
"MITSCH, C.",3.0420000000000003
"LUBITZ, A.",3.83
"QUAN, S.",4.0
"LOBO PRAT, J.",3.54
"ESCOFET-MARTIN, D.",2.56
"BUSWELL, N.",3.7135555555555553
"ALACHKAR, A.",3.5475000000000003
"MINASSIAN, E.",2.6644444444444444
"BRUCKNER, T.",2.79
"SAUCHELLI, R.",2.81
"CROSS, M.",3.0300000000000002
"WILFORD, J.",2.865882352941176
"PARKER, D.",3.1420000000000003
"DOH, J.",3.625
"HANSELMAN, P.",3.475
"MININ, V.",3.0933333333333333
"TENER, A.",2.52
"CHANG, R.",3.0262499999999997
"WATKINSON, MEDINA.",3.24
"JORDA JUANOS, A.",2.25
"KALANTARI, A.",3.06
"MINNITI, M.",3.435
"FAUCETT, T.",3.185882352941176
"CARRILLO, L.",2.94
"FAMILIAN, D.",3.06
"KAUR, T.",3.27
"HALBOUT, B.",2.9
"WILSON, K.",2.47
"CUTHBERT, B.",2.76
"WANG, W.",3.3075
"CARRILLO, A.",3.715
"KHAZAEINEZHAD, R.",3.91
"MCKNELLY, K.",2.5357142857142856
"HOWITZ, W.",3.188571428571428
"ESMAILI, O.",2.68625
"BOWER, A.",3.0766666666666667
"STONE, Z.",3.17
"HORNER, K.",3.38
"PARRET, A.",3.36
"CHEUNG, E.",3.5100000000000002
"OLOMI, A.",3.7
"DAVID, K.",3.4760000000000004
"NIAYESH, V.",2.9
"SANDERS, A.",3.36
"SOFFA, A.",3.686666666666666
"LANKFORD, A.",3.2565
"STOUGHTON, C.",3.22
"JASSO MAGANA, F.",3.26
"MENDOZA, M.",3.62
"RODE, J.",3.39
"DOCARMO, T.",3.6
"BUHER-KANE, J.",3.82
"CASTELLANOS, A.",3.51
"DOBSON, N.",2.615
"CADETE MARTINI, A.",3.28
"SOARES DE LIMA, T.",2.4850000000000003
"CARMONA, S.",2.6
"CHAPMAN, D.",2.965
"SOSNA, J.",2.74
"TSUKERMAN, D.",2.9
"MEDNICOFF, S.",3.23
"HUNTER, J.",3.365
MAGIDSON.,3.39
SIMPSON.,2.96
"LARKIN-SWARTOUT, A.",2.49
MAHARRAMOV.,3.34
"BENNETT, N.",3.35
"FREIBERT, F.",2.92
"PRUETT, J.",3.67
"ACUNA, P.",3.3
"CARON, H.",3.2900000000000005
"BAR-SEVER, G.",3.5814285714285714
"HUANG, X.",3.3733333333333335
LAW.,2.79
"GAO, J.",3.33
"FIDER, N.",2.3016666666666663
"EISA, S.",3.108
"ZANDIAN, A.",2.74
MINASSIAN.,2.55
"HOOPER, A.",3.6533333333333338
CROSS.,3.81
"GARCIA, S.",3.525
BUCH.,3.83
RINGEL.,3.26
"SILVA, A.",3.4
"HOBAN, K.",3.581666666666667
"BROOKER, M.",3.13
"DELGADO, K.",3.7
"FUCHS, D.",3.61
"MORROW, S.",3.1733333333333333
DYCK.,2.71
"DU, Q.",3.4633333333333334
"LENZ, K.",3.52
"MURILLO, J.",3.825333333333334
"FORTUN, K.",3.624285714285714
"CHAHINIAN, T.",3.69625
"PERCIVAL, T.",3.686666666666667
"KARNIG, M.",3.882
"AWAD, S.",3.8644444444444455
"WELTON, A.",3.796666666666667
"MCCLEESE, A.",3.81
"CANEPA, M.",3.3414285714285716
"PARSONS, M.",3.2299999999999995
"GRILL, J.",3.7899999999999996
"SEWALL, J.",2.6525
"KIMBALL, S.",4.0
"MALIK, S.",4.0
"CHANG, P.",3.9299999999999997
"PIGAZZI, A.",4.0
"ATHANASIOU, K.",3.5050000000000003
"PENG, J.",3.215
"BRUSUELAS, J.",3.7224999999999997
"MEDNICK, S.",3.7364285714285717
"PIZLO, Z.",3.0140000000000002
"WONG-MA, J.",2.9134117647058817
"DONYANAVARD, B.",3.1
"RAHMANI, A.",3.860909090909091
"GOLOB, B.",3.691111111111111
"SEEDS, C.",3.601428571428571
"GILMOUR, L.",3.8572413793103446
"POIRIER, L.",3.18
"SCAGLIONE, D.",3.88
"ESPINOSA, A.",3.6325000000000003
"CHOI, Y.",2.924
"BUSTAMANTE, A.",3.624444444444445
"HWANG, J.",3.67
"JEON, J.",3.328571428571429
"BERLINER, J.",3.608333333333333
"KLEIN TOPAN, L.",3.2733333333333334
"ROBERTSON, J.",3.444
"AHMED, I.",3.7700000000000005
"EPSTEIN, D.",3.3025
"SLAUGHTER, R.",3.44
"HUSSAIN, M.",3.926666666666667
"GOLDSTEIN, R.",3.7979999999999996
"LIANG, C.",3.36
"ZHOU, Y.",3.08
"LOS, C.",2.68
"SAHOTA, N.",3.282000000000001
"KARPUKHIN, M.",2.263333333333333
"SCHOLL, T.",2.7725
"DONG, X.",2.857272727272727
"MAGUIRE, M.",2.5749999999999997
"KRAMER-MILLER, J.",2.6031250000000004
"IVANISVILI, P.",3.005
"ULRICH, D.",2.703333333333333
"SIRIGNANO, W.",2.65
"GEORGIOU, T.",3.8330769230769235
"PERAZA, HERNANDEZ.",3.723333333333333
"KIMURA, M.",3.8375000000000004
"AU, S.",3.3699999999999997
"FORTIER, M.",3.605
"KUMAR, S.",3.405
"MEADOWS, T.",3.2921428571428573
"CAPISANI, S.",3.2649999999999997
"BABAIE, M.",3.42
"XIN, H.",3.5068181818181827
"SANCHEZ, J.",3.6092857142857135
"TABOREK, P.",2.895
"RAMACHANDRAN, V.",3.6879999999999997
"BILAKOVICS, S.",2.9361111111111113
"LOVE, C.",3.59
"LOKSHIN, K.",2.75
"BOND, D.",3.1333333333333333
"DAVTYAN, M.",3.33
"HOPFER, S.",3.6149999999999998
"DECKER, J.",4.0
"AL-BULUSHI, Y.",3.2939130434782604
"DONG, F.",3.54
"BERMAN, B.",3.19
"GOLDBERG, L.",3.0700000000000003
"BELL, K.",3.223333333333334
"MEHRA, G.",3.1327272727272724
"DOWD, C.",3.46625
"HARRELL, M.",3.2814285714285716
"CASSIDY, C.",3.066666666666667
"HUANG, I.",3.335833333333333
"WELLS, E.",3.3490909090909096
"LANE, P.",3.7088888888888882
"BROUWER, M.",3.36375
"ALLISON, N.",3.21
"BANKERT, S.",3.517777777777778
"HUSSEIN, Z.",3.559
"FEFER, L.",3.341111111111111
"CID, M.",3.54
"CALL, A.",3.560999999999999
"LITTLE, J.",3.121666666666666
"MELVIN, T.",3.69
"RAHIMI, Y.",3.48
"HARRIES, B.",3.53
"O'REILLY, B.",3.53
"SALADIN, W.",3.1799999999999997
"STANLEY, A.",3.366
"FLORES, B.",3.4983333333333344
"WONG, C.",3.56
"BREHM, K.",3.6966666666666668
"GELERNTER, J.",3.51375
"SALVO, D.",3.307142857142857
"RALL, O.",3.1481818181818184
"MUKHERJEE, A.",3.4633333333333334
"BURDICK, C.",3.2457142857142856
"HOWARD, S.",3.505
"READ, M.",3.25875
"RICHLAND, J.",3.4540000000000006
"LIPPMAN, A.",3.89
"FLETCHER, E.",3.7290000000000005
"HOANG, U.",3.65
"MEZA-LOPEZ, M.",3.5833333333333335
"EUGENE, A.",3.17
"GRANGER, S.",3.08
"ARREOLA, M.",3.03
"COBURN, M.",3.18
"WEGHORST, F.",3.1
"MCQUADE, A.",3.12
"GUDMUNDSON, A.",3.16
"SAXENA, R.",3.2
"CALLE-POPPE, E.",3.268333333333334
"ENTEZAMPOUR, M.",3.4
CAIOZZO.,3.13
"RAPP, P.",3.49
"PIOMELLI, D.",4.0
"ZENYUK, I.",3.188333333333334
"BESS, E.",2.6049999999999995
"CHRYSOVERGIS, P.",3.654285714285714
"ADELEYE, A.",3.22
"TANG, C.",2.53
"ROUDER, J.",3.1820000000000004
"BORNSTEIN, A.",3.804347826086957
"LIU-SMITH, F.",3.9450000000000003
"ARIMOND, J.",3.9925000000000006
"SEEKINS, K.",3.83
"STOEKE, S.",3.9879999999999995
"CAMPBELL, W.",3.725
"HANTSON, S.",3.89
"LIN, G.",3.38
"ANDRADE JOHNSON, M.",3.125
"CERRAHOGLU, V.",3.94
"CHUNG, H.",3.926666666666667
"CAO, H.",3.51
"PARRIS, T.",4.0
"CHAOUCHI, A.",2.89
"SCHIELDS, C.",3.5515384615384615
"TINSLEY, E.",3.550625
"BRANHAM, S.",3.6400000000000006
"PEPPLER, K.",3.816666666666667
"HO, E.",4.0
"ORWIG, P.",3.25
"DARIAN-SMITH, E.",3.6350000000000002
"BUI, L.",3.6300000000000003
"FUTRELL, R.",3.5714285714285716
"ZIMMERMANN, T.",2.77
"WILK, L.",3.117142857142857
"RHEE, S.",3.4936363636363637
"CHATANI, K.",3.418
"ABERLE, T.",3.24
"ANDREWS, S.",3.472
"CONNOR, J.",3.56
"DEL CAMPO, CAMPOS.",2.51
"KOSTER, T.",3.0279999999999996
"KASSAS, Z.",3.5060000000000002
"LOUGH, A.",3.8699999999999997
"POPE, G.",4.0
"SHIN, S.",3.9800000000000004
"BOWLES, C.",3.6666666666666665
"NELSON, E.",3.103333333333333
"BERGER, D.",3.106666666666667
"SHIVELY, S.",3.106666666666667
"RODRIGUEZ, C.",3.0100000000000002
"JIANG, S.",3.396666666666667
"BARRAZA-VALDEZ, E.",3.2475
"PEDERSON, R.",3.7866666666666666
"RILEY, R.",3.645
"MCSORLEY, T.",3.7
"PLAYER, G.",3.6379999999999995
"WITKOWSKI, E.",3.641428571428572
"OCHOA RICOUX, J.",3.254782608695652
"ANKER, A.",3.114
"BARABAS, A.",3.046
"RIVERA, F.",3.1299999999999994
"PITUWALA, KANKANAMG.",3.0544444444444445
"SEQUEIRA, I.",3.19
"VORTHERMS, S.",3.102727272727273
"SCHUELLER, S.",3.3325
"VALENTOVICH, V.",2.67
"WATTS, T.",3.9916666666666667
"ZANOTTO, J.",3.7225
"MARTINEZ LOMELI, L.",2.86
"HAYS, T.",3.8200000000000003
"TRAN, A.",3.32
"HARVEY, S.",3.5063636363636363
"MCGUIRE, M.",3.76
"KOH-PARSONS, S.",3.036
"PARKER, I.",3.325
"KAWAS, C.",3.7099999999999995
"WEHRLE, B.",2.84
"VILLALTA, S.",3.9455555555555555
"PATTERSON, J.",2.69
"QUEZADA, V.",3.541111111111111
"NUBIA-FELICIANO, M.",3.3975
"HYLAND, M.",3.21
"SOBHANI, R.",3.72
"CHERNYAK, N.",3.6731578947368426
"BLASER, L.",2.94
"NA, Y.",3.33
"JUAREZ, B.",3.73
"HARVEY, R.",3.975
"AMON, M.",3.12
"ARTHI, V.",2.85
"JHA, P.",2.8685714285714288
"ECCLES, J.",3.14
"LI, Z.",3.292222222222222
"GHEISSARI, A.",3.05
"DE ALMEIDA, E.",3.12
"UCHOA CONTE, T.",2.81
"YOUNG, N.",3.4573684210526316
"FAWAZ, M.",3.755
"SHENG, J.",3.79
"SELBY, R.",3.716666666666667
"PIROUZ, R.",3.89
"WOLFSON, J.",3.0799999999999996
"QUAN-LOREY, S.",3.98
"PADAK, B.",2.37
"CAO, P.",3.8375
"LINDSAY, E.",3.1461538461538465
"SIMMONS, J.",3.81
"MUTHER, F.",3.93
"BRANDL, J.",3.3
"BARTY, C.",3.2886956521739132
"GRANGER, D.",2.855
"RINGEL, M.",3.513333333333333
"ZALTA, A.",3.6
"HUFT, J.",3.3633333333333333
"HOYT, M.",3.496000000000001
"PLUTA, D.",3.36
"TSAASAN, A.",3.5
"LE, A.",2.95
"MONTAZERI, K.",2.81
"PALMER, J.",3.51
MCLAUGHLIN-ALCOCK.,3.42
"RUBIO, E.",3.4050000000000002
"MORRIS, M.",2.2533333333333334
"TRIOLA, A.",3.4033333333333338
"WOOD, S.",3.81
"LEWIS, C.",2.95
"RUIZ, D.",2.78
"MA, X.",3.61
"ILABACA, F.",2.585
FLANNERY-VALADEZ.,3.19
"CREGG, D.",3.63
"SHAHVERDI, K.",3.065
"CURTIS, C.",3.49
"LIRA, S.",3.575
"ACHEE, A.",3.54
"CHRISTENSEN, M.",3.7800000000000002
"STAFFORD, W.",3.39
"ZAVALA TREVINO, M.",3.93
"BAILEY-RIHAWI, E.",3.74
"SQUILLACE, J.",2.16
"ACHARYA, B.",3.29
"LEIDER, B.",3.35
"FENSEL, J.",3.58
"BRACONI, A.",3.5605882352941176
"SONG, D.",3.71
"GILLOOLY, S.",3.2199999999999998
"VERGARA, CALDERON.",3.56
"COX, K.",3.59
"KOHLER, G.",3.4699999999999998
"WRAPP, M.",2.67
"RICHART, R.",3.1033333333333335
"FORNER, S.",3.455
"GHORBANIAN, Y.",2.51
"WANG, X.",3.035
"MORENO, G.",3.6480000000000006
"KRUMPER, J.",1.7
"SATTARI, BARABADI.",2.985
"KASK, K.",3.664166666666667
"MAGIDSON, M.",3.4899999999999998
"BELL, M.",3.74
"YANG, F.",3.81
"SHINE, A.",3.915
"KANE, E.",3.1100000000000003
"TERAI, R.",3.26
"ZANAZANIAN, A.",3.03
"BLUMKIN, T.",3.07
"KRISHNAN, J.",3.6
"SALADIN, L.",3.573333333333333
"LANDE, S.",3.1966666666666668
"CALAHANE, K.",3.6199999999999997
"DE LA CRUZ, R.",3.16
"ASOKAN, S.",3.24
"BAKER, V.",3.206666666666667
"ZHAO, Y.",3.5342857142857143
"SHARMA, P.",3.5999999999999996
"LAW, B.",2.72
"KRISHNA, A.",3.69
"LAHMANN, R.",2.61
"TIMMONS, N.",3.68
"CHAN, N.",3.1799999999999997
"SAFARZADEH, P.",3.7350000000000003
"KAZEMI, E.",3.49
"JIMAH, T.",3.53
"GIBSON, C.",3.5549999999999997
"GHOSH, A.",2.92
"CRUZ, C.",3.36
"NAM, V.",3.39
"KHOURY, N.",3.592
"SAMOKHINA, N.",3.8150000000000004
"RUGGIERO, G.",3.84
"LEMUS, L.",3.533333333333333
"KARKAFI, L.",3.661875
"STERN, H.",3.1033333333333335
"CHAE, Y.",3.6100000000000003
"SPENCER, P.",3.75
"MURANOVA, O.",3.6
"HUNDLE, A.",3.918333333333333
"AL-BULUSHI, S.",3.3816666666666673
"SNYMAN, K.",2.835
"PINEDA, S.",3.7475
"BARRY, R.",3.6908064516129033
"GARRISON, J.",3.7413333333333343
"SASMAZ, E.",2.9166666666666665
"ADAMS, T.",2.8783333333333334
"FINKELDEI, S.",2.724285714285714
"CHARETTE, B.",2.52
"GERAGOTELIS, A.",2.3666666666666667
"CHEN, Q.",3.2866666666666666
"SHINDLER, M.",3.0962500000000004
"STARK, C.",3.64
STEINBERG-EPSTEIN.,3.7
"ANGELES, B.",3.9116666666666666
"TRACIE, R.",3.62
"BARRON, C.",3.965
"LEIGH, A.",3.8266666666666667
"ENDO, M.",3.3533333333333335
"KNIGHT, J.",3.505
"RODRIGUEZ, F.",3.677777777777778
"QUIROZ, B.",3.185
"CARROLL, A.",3.96
"GRADY, K.",3.50375
"SHEMEK, D.",3.357
"MELIKIAN, N.",3.5833333333333335
"VAN DEN ABBEELE, G.",3.8199999999999994
"PROCTOR-HABIL, B.",3.503
"NASR, K.",3.38
"YOUNG, S.",3.53
"BRITCH, J.",3.8200000000000003
"GARDNER, D.",3.6125000000000003
"BALDWIN, M.",3.5115384615384615
"OLIVEIRA, G.",3.472142857142857
"VITTORI, G.",3.624444444444445
"DI MAIO, F.",3.7700000000000005
"ZHU, C.",3.1285714285714286
"LEUNG, M.",3.765
"XU, N.",3.37
"REILLY, P.",3.66
"LEVITT, M.",3.6666666666666674
"ABHISHEK, V.",3.55
"GIBSON, M.",2.285
"GAO, H.",2.955
"FISCHBACHER, C.",3.1533333333333333
"GE, L.",3.380714285714286
"PELAYO, R.",2.9545833333333333
"LEUNG, W.",3.4124999999999996
"MA, A.",2.978888888888889
"DOS SANTOS, VIANA.",2.2350000000000003
"WALSBERG, E.",2.9441176470588237
"COPP, D.",3.6742307692307685
"BENNETT, F.",3.6366666666666667
"MININA, Y.",3.7983333333333333
"MESSOLORAS, I.",3.821111111111111
"BURTON, C.",3.99
"DUONG, N.",2.02
"HUXTABLE, G.",2.61
"BARETZ, J.",2.8575
"MUSTHAFA, Y.",2.76
"GREEN, D.",3.7933333333333334
"ATASHI, S.",3.8024999999999998
"GONZALEZ, C.",3.7649999999999997
"WU, A.",3.88
"JAUREGUI, PAREDES.",3.5247619047619048
"HOLCOMB, R.",3.16
"EVERETT, N.",3.2350000000000003
"RALSTON, A.",3.52
"PALMER, A.",3.37
"SILVERMAN, M.",3.56
"THOMSEN, D.",3.5119999999999996
"KASTART, W.",2.908
"CASTRO, A.",3.28
"FLOYD, T.",4.0
"NICHOL, J.",3.8244444444444445
"MOAYEDI, N.",3.9850000000000003
"SIGMON, J.",3.186666666666667
"DOGUCU, M.",3.4342857142857146
"NEVAREZ, MARTINEZ.",3.525
"GUNN, C.",2.988888888888889
"BARMAN, N.",3.1550000000000002
"BYUN, J.",3.21
"EISEN, L.",3.72375
"MCCUNE, L.",3.275714285714286
"SOARES DAHER, P.",2.9844444444444442
"NAVA, A.",3.3311111111111114
"DEITCH, H.",3.6166666666666667
"DOUCETTE, S.",3.6342857142857143
"KHALIL, S.",3.2266666666666666
"HISCOCK, V.",3.17875
"ALFAILAKAWI, D.",3.236666666666667
"BAJAJ, A.",3.205
"MALPASS, M.",3.3542857142857145
"CHAVEZ, D.",3.2900000000000005
"LOVE, M.",3.382857142857143
"LAINSON, M.",3.5142857142857147
"CHARLES, J.",3.415
"AYRES, S.",3.845
"MOSELEY, D.",3.5322222222222224
"HANSON-KEGERRE, S.",3.508
"GILLESPIE, J.",3.5
"VENEGAS, Y.",3.109583333333333
"MOYER, E.",3.7000000000000006
"DEAN, M.",3.4524999999999997
"YANDEL, L.",3.5528571428571434
"AHMADKHANI, M.",3.775555555555555
"NORFLEET, D.",3.2925
"QUINTANA, I.",3.6728571428571426
"SINGHA, M.",3.31
"WOLFF, J.",3.67
"DE MIRANDA, R.",3.4
"KONG, M.",3.665
"BEIER, K.",3.97375
"LAU, W.",4.0
"BOWMAN, W.",3.2649999999999997
"APELIAN, D.",3.5879999999999996
"VEGA, I.",3.3463636363636367
"MOLINA, K.",3.643
"BANERJEE, T.",3.4066666666666667
"KEYKHOSROPOUR, L.",3.6587500000000004
"MARTINS, A.",3.4575
"BOULOUKAKIS, G.",3.0233333333333334
"FOX, R.",3.74
"MANDT, S.",3.546666666666667
"KAPLAN DAMARY, N.",3.01
"DE SOUZA SANTOS, V.",3.5527999999999995
"RIZZI, T.",3.7800000000000002
"RAPHAELI, K.",3.28
"EGOH, B.",3.6559999999999997
"PITT, J.",3.5875
"GRIFFITH, A.",2.05
"RHODES, K.",3.46
BLACKSTOCK-BERNSTE.,3.3808333333333334
"UMARJI, O.",3.6544444444444446
"CHERI, A.",3.7800000000000002
"ELMALAKI, S.",3.2299999999999995
"TATERI, J.",3.3048275862068968
"MARZOLA, L.",3.441666666666667
"WILLIAMS, M.",3.7
"MOKNAT, A.",3.76
"SUTTON, S.",3.56
"DESPIE, D.",3.55
"ZHANG, L.",3.8666666666666667
"KROLL, J.",3.9299999999999997
"KADOWAKI, K.",3.63
"SU, X.",3.53
"HE, Y.",3.27
"WEATHERSPOON, S.",3.76
"JI, Y.",2.392857142857143
"FERBER, A.",3.277
"MOONEY, C.",3.1700000000000004
"RAMOS MUNOZ, E.",2.77
"BEST, N.",3.935
"PAEGEL, B.",3.4210000000000003
"BONCOMPAGNI, A.",3.3255555555555554
"DONALDSON, B.",3.6775
"HAYWARD, M.",3.24
"MIKSIAN MAGALDI, R.",2.785
"GADRE, C.",3.06
"ARAKAWA, J.",3.465
"MANDUJANO, R.",3.8033333333333332
"STEJER, A.",3.0933333333333333
"XIAO, Y.",3.18
"ROMHANYI, J.",3.5700000000000003
"SNG, W.",3.4124999999999996
"BODEN-ALBALA, B.",3.44
"VIEIRA, V.",3.84
"JUNQUEIRA, M.",3.8533333333333335
"REYES RUIZ DEL, CUE.",3.6628571428571433
"VIMUTTINAN, C.",3.145
"STRIEDTER, A.",3.1275
"NANBAKHSH, G.",3.75
"MAHLER, S.",3.7733333333333334
"TINOCO, R.",2.98
"RHEE, C.",4.0
"EOM, D.",3.3233333333333337
"LAMB, J.",3.7399999999999998
"NATION, D.",3.774
"PREECE, D.",3.0833333333333335
"NIELSEN, R.",3.19
"SAEIDI, S.",3.2771428571428567
"GLICKER, H.",2.793333333333333
"LE, K.",3.59
"PETERS, M.",3.028
"FRANZ, M.",3.88
"MIHAIL, K.",3.97
"FLORES, Y.",3.83875
"BRANDO, P.",3.8199999999999994
"KWON, H.",3.05
"ROBBINS, T.",2.8305555555555553
"DOWELL, N.",3.822
"PRATT, A.",3.84
"DOROUDI, S.",3.1900000000000004
"RICHLAND, L.",4.0
"AGHASI, H.",3.561111111111112
"NIKKHAH MOJDEHI, M.",3.59
"ESFANDYARPOUR, R.",3.813333333333333
"SAKR, Y.",3.771666666666667
"MOONEY D'ARCY, A.",4.0
"TANENBAUM, T.",3.706666666666667
"MCDONALD, S.",3.535
"ELGINDI, T.",3.51
"ROTHFUS, G.",3.88
"NELSON, R.",3.96
"STEINBERGER, T.",3.93
"CHUK, E.",3.3728571428571428
"GILES, J.",3.74
"XUAN, Y.",3.733333333333333
"GHAHESTANI BOJD, B.",3.7066666666666666
"BARRY, C.",3.733333333333333
"TYAGI, R.",3.5966666666666662
"KELLER, L.",3.8449999999999998
"PELTZER, A.",3.4725
"ASGARI, N.",3.63
"REZAEI, A.",3.128
"UBAN, K.",3.715
"NORDEN-KRICHMAR, T.",3.95
"MRAZEK, J.",3.8129999999999997
"MENDEZ, M.",3.556
"STEWART, K.",3.3259999999999996
"WOSICK, K.",3.5700000000000003
"BERROCAL, V.",3.25
"STEINBERG, S.",3.22
"BRAUER ROGERS, E.",3.0366666666666666
"LIGUNAS, J.",3.34
"QURESHI, A.",2.32
"MCDOUGALL, T.",3.62
"MIDDLETON, C.",2.66
"WILKINSON, A.",3.21
"CHEN, D.",3.915
"HUNT, J.",3.8633333333333333
"JAVID, M.",3.7075
"PALTING, J.",4.0
"THRAILKILL, M.",3.64
"DAVIES, S.",3.5549999999999997
"WALTERS, K.",3.75
"SEWARD VARELA, J.",3.5700000000000003
"CHAKRAVARTHY, B.",4.0
"ALBAY, R.",3.3774999999999995
"FERREIRA, A.",2.72
"FAYAZ, J.",2.05
"CARLSON, S.",3.575
"GRISHAM, E.",3.06
"HO, J.",3.58
"CONTRERAS, C.",3.6950000000000003
GONZALEZ-MARTINEZ.,3.24
"CHAVEZ, E.",3.755
"RENNER, M.",3.61
"HARLOW, A.",3.7900000000000005
"RAFTER, P.",3.6566666666666663
"SCHWARTZ-MERON, A.",3.51
"COUTURE, C.",2.86
"MORALES, K.",3.29
"MALONEY, E.",3.52
"LEBEAU, L.",3.49
"BADAMI, N.",3.75
"OVIATT, J.",3.3209999999999993
"AHN, J.",3.11
"HAHN, E.",3.56
"KEEVER, J.",3.705
"BUSTILLO, D.",3.7300000000000004
"GONZALES, I.",3.573333333333333
"ALAHVERDIAN, A.",3.58
"SPEARE, M.",3.87
"CHEN, E.",3.5040000000000004
"OLIVARES MANAS, E.",3.4450000000000003
"GRACE, T.",3.7
"MEZA SORIA, A.",3.95
"ANDERSON, C.",3.49
"NGUYEN, J.",3.31
"DAL CONTI, LAMPERT.",3.79
"MOHSENI, A.",3.8575
"CAO, M.",3.53
"ZHU, Y.",3.456666666666667
"NORTH, N.",3.83
"QUINTINO, F.",2.11
"ZHU, X.",2.8
"TREUER, J.",2.09
"LIU, B.",2.47
"KOLAHI, K.",2.8
"HEYDARZADEH, SHEYKH.",2.62
"HSIEH, M.",3.565
"GEORGE, D.",3.69
"COOPER, R.",3.23
"GARCIA, I.",3.33
"NORRIS, S.",2.97
"FIEG, M.",3.79
"EISNER, A.",3.37
"PERSICHILLI, C.",3.6199999999999997
"MOON, W.",3.79
"SETYAEVA, A.",3.43
"TARANGO, S.",3.5300000000000002
"RUBALCAVA, B.",3.5124999999999997
"OWEN, C.",3.9850000000000003
"SLONECKER, E.",3.66
"SHAW, E.",3.85
"RYAN, N.",3.86
"HALKIA, G.",3.42
"KENCHEL, J.",3.4
"STROBEL, C.",3.77
"SCHMIDT, S.",3.81
"JACINTO, M.",3.07
"LINARES-RAMIREZ, N.",3.79
"CABRERA, J.",3.53
"DELGADO, V.",3.75
"FRANKE, M.",3.4450000000000003
"PARE, G.",3.9000000000000004
"OH, H.",2.735
"TRYGSTAD, B.",3.6166666666666667
"ZARATE, S.",3.8
"MALLON ANDREWS, K.",3.44
"CONSIDINE, L.",3.54
"FRYDENBORG, E.",3.7750000000000004
"RODRIGUEZ, VERDUGO.",3.83
"TRAN, B.",3.2380000000000004
"DING, F.",3.5549999999999997
KING.,4.0
"SIM, S.",2.62
"ARGUILLA, M.",3.18
"MOORE, M.",3.18
"NUNN, L.",3.83
"WOLPE, S.",3.67
"QUINTANA, NAVARRETE.",3.315
CARRILLO.,3.42
BASSHAM.,3.6075
"DAVIS, B.",3.77
"DIETZ, Z.",3.686
"GIM, C.",3.975
"SAEJI, C.",3.62
"SOLANKI, S.",3.6166666666666667
"ILOH, C.",3.83
"MARTINEZ, K.",3.8875
"CARLO, R.",3.7730000000000006
"SEO, M.",2.59
"MORGAN, C.",3.5440000000000005
"MONTERO ROMAN, V.",3.672857142857143
"BASU, S.",3.668
HERNANDEZ.,3.795
"MILLER, R.",3.4899999999999998
"AGAPIE, E.",3.695
MIS.,3.39
"ANEYCI, R.",3.436666666666667
BRADFORD.,3.27
LETOURNEAU.,3.85
"MACCRORY, F.",3.696
"HERNSBERGER, J.",3.53
"HOWELL, T.",3.6999999999999997
"JIN, Y.",3.82
"WROBEL, E.",3.69
"RANDRUP, N.",3.3333333333333335
"COPP, S.",3.24
"KISAILUS, D.",3.0324999999999998
"CANG, Z.",3.046666666666667
"GUO, R.",2.976363636363636
"FU, X.",3.1783333333333332
"ZHOU, P.",3.435
EISA.,3.76
"BAGHGAR, BOSTANABAD.",3.6872222222222226
DOLAN.,3.94
"PINTO, M.",4.0
"BUENO, M.",3.591666666666667
"PARK, J.",3.98
"YAMADA, P.",3.46
SCHRINER.,3.22
"MOHAMMAD, S.",3.7133333333333334
"LICATA, A.",4.0
"RICHARDSON, B.",3.4050000000000002
"CAO, J.",3.19
BILAKOVICS.,2.965
"OXNEVAD, I.",2.7366666666666664
"RUBABSHI, SHITRIT.",3.6799999999999997
"HURLEY, K.",3.2350000000000003
"SIMON, K.",3.77
"MOREY, B.",3.54
"TANJASIRI, S.",3.965
"BEAN, F.",3.6550000000000002
"ASSERIAN, L.",3.36
"ANDERSON, L.",3.524
"CHABON, S.",3.635
"YAMADA, J.",3.801666666666667
"WEAVER, H.",3.457142857142857
"BURRELL, J.",3.7824999999999998
"ABOLAIL, S.",3.4200000000000004
"SHANK, D.",3.3480000000000003
"ROBERTSON, M.",3.95
"GAYLE, H.",3.7033333333333336
"MCBURNIE-NICOL, P.",3.6739999999999995
"MAZZACANE, D.",3.736666666666667
"SENATRO, L.",3.5379999999999994
"MARAMOT RODIL, J.",3.3333333333333335
"SOMMERS, E.",3.51
"DE PETRIS, A.",3.786666666666667
"HYATT, J.",3.6483333333333334
"DUNN, T.",3.6174999999999997
"GABBERT, M.",3.9150000000000005
"HICKOK, A.",3.865
"LUDISACA, G.",3.522
"MARTINO, N.",3.8483333333333327
"GOEPPNER-KALLU, S.",3.7925
"ENG, W.",3.5500000000000003
"RILEY, T.",3.239333333333333
"LIM, W.",3.88
"MCNULTY, R.",3.415
"MONUKI, E.",4.0
"MUKHERJEE, J.",3.96
"RADOVIC, A.",3.06
"LUTTERSCHMIDT, D.",3.3
"DALEY, M.",3.7350000000000003
"SMITH, I.",3.15
"OLABISI, R.",3.6366666666666667
"HAMID, O.",3.3766666666666665
"KRONE MARTINS, A.",3.322307692307693
"JUN, S.",3.615
"ZHANG, J.",3.895
"CHAN, A.",3.8533333333333335
"DELGADILLO, E.",3.9625000000000004
"BRAUN, B.",4.0
"LIEBERSOHN, C.",3.36
"VELAYUDHAN, T.",3.1799999999999997
"BA, B.",3.98
"FAY, L.",3.66
"CARLO, G.",3.19
"WICKRAMASINGHE, H.",3.54
"KUNIGAMI, A.",3.6183333333333327
"SINON, M.",3.58
"JOHNSON, J.",3.8
"BURT, M.",3.263333333333333
"COTA, E.",3.495
"MARTONOSI, S.",3.02
"BERGEMANN, P.",3.6733333333333333
"VOLOSHINA, A.",3.24
"THOMAS, J.",2.8600000000000003
"VELEZ CUERVO, C.",3.44
"WILLIAMS, C.",3.43
"MCCALL, A.",3.81
"RITCHIE, K.",3.39
"SMITH, N.",3.17
"LAURON, M.",3.48
"OSBORN, B.",3.6166666666666667
"SCHRADER, B.",3.0250000000000004
"TELLES, E.",2.85
"MUELLER, J.",3.4339999999999997
"ZUNIGA, M.",3.75
"FERMIN, J.",3.39
"WATKINS, C.",4.0
"GALL, C.",4.0
"BITNER, K.",3.7733333333333334
"TAMBINI, A.",3.59
"LANE, T.",3.15
"CHRASTIL, E.",3.7550000000000003
"LAVANYA, R.",3.15
"GELLER SHALEV, A.",3.5
"REAGAN, A.",3.4699999999999998
"PRICE, Z.",3.4025
"AOUAD, M.",3.1799999999999997
HERNANDEZ-CALDERON.,3.89
"ROSEN, A.",3.4642857142857144
"JEAN-LOUIS, F.",2.86
"PASCOE, S.",3.21
"PIPER HAZELRIG, A.",3.91
"SCULLY-BLAKER, R.",3.783333333333333
"MESKHIDZE, E.",3.2119999999999997
"KOSLOW, A.",3.0383333333333336
"FREDERIKSEN, A.",3.72
"CHENG, A.",3.45
"COLCLOUGH, T.",3.676666666666667
"KE, J.",3.86
"JOSEPH, J.",3.21
"GONZALES, C.",3.72
"REYES, M.",3.955
"GUNDEVIA, R.",2.49
"BOUNDS, D.",3.978
"SALLUM, S.",3.425
"ODGERS, C.",3.615
"CORONA, K.",3.74
"SENGUPTA, P.",3.41
"PAPPAS, L.",3.34
"AHMMAD, Z.",3.295
"ZOELLER, C.",3.16
"MARK, E.",3.69
"WENGER, S.",3.71
CUPPET-MICHELSEN.,4.0
"FUGFUGOSH-MUNOZ, S.",3.87
"LI, Q.",3.86
"LALLAI, V.",3.505
"MILINKEVICIUTE, G.",3.79
"MORALES CRUZ, A.",3.92
"NGUYEN, T.",3.8
"BRU, J.",3.8066666666666666
"HU, Q.",2.86
VEERASUBRAMANIAN.,3.13
"VILLORIA, J.",2.48
"THAMMAVONGSY, Z.",2.9316666666666666
"MILLS, R.",3.1154545454545453
"BEHBOUD, N.",1.71
"CHENG, Y.",3.755
"COON, J.",3.8324999999999996
"KIRCHER, J.",3.38
"CHEN, P.",3.455
"WAZ, S.",3.28
"OBODIAC, E.",3.1971428571428575
"GRASSO, J.",3.25
"KIDD, T.",3.59
"DUKES, A.",3.815
"HE, Z.",3.25
"CHENG, G.",2.88
"GOTTESMAN, Z.",3.67
"CHO, M.",3.98
"LUK, H.",2.92
"LADD, D.",3.04
"VO, P.",3.84
"YOLMO, N.",3.85
"EVCI, U.",3.2649999999999997
"RENICK, J.",3.57
"EDLUND LAO, J.",3.47
"SLATTERY, J.",3.86
"CHING, K.",3.56
"SPIVEY, B.",3.74
"GORDON, BETTENCOURT.",3.79
"WOLF, C.",3.82
"KLOTZMAN, V.",3.99
"GARDNER, R.",3.53
"GONZALEZ, J.",3.3666666666666667
"AGUAS, M.",2.99
"PETTIETTE, M.",3.63
"TANG, S.",2.41
"SIMONSON, D.",2.1
"KNIGHT, H.",2.97
"POWELL, M.",2.5149999999999997
"YAN, D.",3.8
"GOSS, B.",3.625
"DOULAS, L.",2.95
"DOLIN, A.",3.28
"PIEDRAHITA, RIVERA.",3.22
"MERCADO, F.",3.91
"FITZGERALD, B.",3.69
"HYDER, M.",3.57
"KELLY, J.",3.56
"KAN, E.",3.26
"TORRES, I.",3.6424999999999996
"TANG, I.",3.87
"TAYLOR, T.",3.3499999999999996
"KEY, M.",3.5949999999999998
"DUONG, H.",3.89
"CHA, B.",3.35
"ZAVITA, K.",3.65
"OSUTEI, N.",3.83
"FORTHUN, B.",3.62
"MALAE, K.",3.53
"WINER, C.",3.89
"MEJIA, S.",3.82
"REDMAN, J.",3.37
"FARSHCHI, E.",3.06
"MARIN, E.",3.31
"DAVOUDPOUR, S.",3.19
"LIAN, L.",3.61
"GARCIA PERALES, R.",3.91
"HUERTA ALARDIN, M.",3.61
"WONG-TOI, E.",2.9
"MAHAFFEY, N.",3.98
"MAZZACANE, L.",2.95
"WOLFF, B.",3.75
"MAHMOODI, SHAHREBAB.",3.6399999999999997
"IQBAL, S.",3.355
"FRANCOLINO, J.",3.2600000000000002
"LA SPADA, A.",4.0
"CONNOR, K.",3.05
"SYMONS, C.",3.725
"KRUGGEL, F.",3.07
"SMITH, Q.",2.75
"ARDONA, H.",3.18
"HARTSHORN, T.",3.52
"ITURRIAGA, N.",3.6399999999999997
"VALDIVIA, ORDORICA.",2.97
"CARTAGENA, A.",3.85
"FANG, J.",3.86
"FIREHEART, S.",3.26
"CARRILLO, C.",3.06
"MILLER, S.",4.0
"DIAZ AVENDANO, M.",3.124
"ARUM, R.",3.82
"GOLDENBERG, B.",3.6028571428571428
"MCDEVITT, C.",3.33
"KAMIL, M.",3.665
"CRANO, R.",3.5975
"IBER, L.",3.532
"SALMON, A.",3.643333333333333
"CULLEN, A.",3.79
"MUDIWA, R.",3.4033333333333338
"GHANBARPOUR, C.",3.33
"REZAKHANI, K.",3.23
"RUBIO, J.",2.87
"BREWSTER, K.",3.63
"NGUYEN, D.",3.29
"LIN, P.",3.075
"WOOLWORTH, T.",3.7
"CHEONG, G.",3.086
"MILES, C.",3.4466666666666668
"CARTER, P.",2.705
"HUYNH, J.",3.17
"BURKE, S.",3.8
"SEVRIOUKOVA, I.",3.49
"KOHNE, L.",3.61
"TURNBULL, T.",3.694
"BURSTEIN, A.",3.38
"WILLIAMS, D.",3.8
"RIIS PETROU, J.",3.28
"KUHLMAN, K.",3.7
"GUNEY SCURICH, S.",3.2920000000000003
"CHENG, T.",3.59
"CHAVEZ, C.",3.98
"GIBSON, S.",3.49
"NGUYEN, L.",3.4033333333333338
"BENSE, B.",3.64
"NWABUNNIA, E.",3.473333333333334
"KING, L.",3.1425
"GRIMES, L.",3.64
"SCHUBERT, K.",3.533333333333333
"LOPEZ, A.",3.4599999999999995
"WOOD, R.",2.8825000000000003
"DEARBORN, E.",3.543333333333333
"CAMPO BOWEN, K.",3.6
"WREN, C.",3.5766666666666667
"MATHUR, D.",3.24
"FOWLER, M.",3.5933333333333333
"MARIANI, L.",3.3866666666666667
"VERNON, A.",3.415
"COMER, J.",3.536666666666667
"BARBERA, S.",3.0
"CRAIG, C.",3.1
"MOON, V.",3.5300000000000002
"CHERIAN, R.",3.5866666666666664
"CLIPP, S.",3.77
"HOFFER, R.",3.503333333333334
"ZIFF, J.",2.97
"DAMRONGPIWAT, P.",3.6099999999999994
"LEOPOLD, J.",3.7100000000000004
"YOUN, M.",3.93
"LOWMAN, C.",3.8975
"WOJAS, M.",3.95
"AUNGIER, K.",4.0
"GARRETT, T.",3.76
"OAKLEY, M.",3.99
"LAPIN DARDASHTI, A.",3.4450000000000003
"GONEN, S.",3.545
"SHARMA, A.",3.62
"TAKAHASHI, G.",3.72
"NI, F.",3.82
"JIAO, S.",3.37
"DUONG, T.",3.73
"TRUONG, D.",3.25
"LABACHYAN, K.",3.69
"ADAMS, E.",3.65
"PACHOW, C.",3.46
"TSAO, A.",3.17
"KUMAR, A.",3.34
"MILNER, T.",3.25
"ORTIZ DE ORA, ORTIZ.",3.5450000000000004
"GAYTAN, J.",3.45
"MORSHEDIFARD, A.",2.38
"GAMBER, J.",3.755
"IMANI, M.",3.29
"VAZIRANI, V.",3.0
"SPIGHT, D.",4.0
"ZIMMERMAN, G.",3.776666666666667
"BALDWIN, J.",3.6
"LI, W.",3.57
"ZERECERO ANTON, M.",2.47
"SHEN, Y.",3.66
"GUTIERREZ, VELAZCO.",3.27
"ELIZONDO, L.",3.96
"BHATTACHARYA, M.",3.41
"LEVINE, M.",3.53
"DERDERIAN, D.",3.62
"BANG, J.",3.42
"HARRIS, C.",2.348
"PROSPER, M.",3.53
"PETRY, P.",3.8200000000000003
"MAYER, C.",2.95
"HERRMANN, D.",3.2199999999999998
"FARRELL, M.",3.33
"ANSARI, F.",3.82
"YAN, L.",2.12
"FOX, A.",2.35
"CHEUNG, M.",2.26
"FLOREA, A.",3.0949999999999998
"SHI, X.",3.276666666666667
"HARRISON-LANE, G.",3.14
"RICHTER, M.",3.35
"ELIAS, D.",3.97
"ALBRECHT, L.",3.315
"GAO, E.",2.8499999999999996
"BAHREHBAKHSH, A.",3.035
"CARVOUNAS, D.",2.72
"RAMOS, I.",3.87
"FAN, W.",3.26
"JONES, N.",3.16
"CAVALLARO, J.",3.18
"LIN, T.",2.435
"QIAN, T.",3.21
"ROY, A.",3.89
"CHU, P.",3.46
"HOENICKE, S.",3.68
"GOLDMAN, M.",3.4940000000000007
"WEINBERG, D.",3.684
"ATAMDEDE, A.",3.434
[REDACTED],3.3832500000000003
"RIVAS, S.",4.0
"KIM, A.",3.98
"BOWMAN, B.",3.77
"HALBROOK, C.",3.53
"SCHWANER, M.",3.7391666666666663
"LUR, G.",3.0
"XIANG, L.",3.76
"STAMENKOVIC, V.",3.52
"TUN TUN, H.",3.4725
"LO-OH, J.",3.6133333333333333
"BERG, A.",3.74
"PANAGEAS, I.",2.76
"DAVAGIAN, K.",3.62
"SULA, K.",4.0
"CALLE, A.",3.17
"MAGNUSDOTTIR, G.",2.91
"TSAI, N.",3.84
"EDLUND, J.",3.56
"HUANG, S.",3.24
"AL JUFOUT, S.",3.475
"SHAPERO, N.",3.885
"PAYTON, P.",3.63
"OH, J.",3.64
"STRATHMAN, N.",3.38
"DELGADILLO, J.",3.15
"BAILEY, J.",3.25
"GROHOWSKI, M.",3.27
"DO, T.",3.92
"ROSSI, B.",3.23
"TSIOLA, A.",3.31
"VIRGEN, R.",3.79
"WEBER, L.",3.48
"CAMPO, M.",3.71
"BOEDIHARDJO, M.",2.9749999999999996
"JOHNSON, P.",3.32
"SWAMINATHAN, R.",3.07
"HERNANDEZ, M.",3.75
"SCHIFFMAN, J.",3.48
"DIETZE, P.",3.5
"PAYAN, D.",3.58
"MILAM, J.",3.44
"KUMAR, M.",3.62
"NAWAB, F.",3.79
"UNKNOWN, INSTRUCTOR",3.328643410852713
"DIAZ ALONSO, J.",3.62
"HENRY, A.",3.04
"HASSELBRINK, C.",3.3924999999999996
"HOENICKE FLORES, S.",3.46
"JACKSON-GREEN, B.",3.77
"TSENG, W.",3.955
"KIAN KAUFMAN, S.",3.59
"MENDEZ, E.",3.19
"SU, W.",3.68
"MING, G.",3.45
"ZHU, T.",3.29
"CAIN, D.",3.46
"REMIGIO, R.",3.55
"RODRIGUEZ, V.",3.4
"VASQUEZ, J.",3.04
